video_id,time_bin,time_bin_start,time_bin_end,individual_id,behavior,count_frames,total_duration_sec,percent_time,mean_confidence
IMG_1561,0-30 sec,0.0,30.0,meerkat_1,inactive,94,31.333333333333332,104.44,0.75
IMG_1561,0-30 sec,0.0,30.0,meerkat_14,inactive,57,19.0,63.33,0.75
IMG_1561,0-30 sec,0.0,30.0,meerkat_2,exploratory,2,0.6666666666666666,2.22,0.7
IMG_1561,0-30 sec,0.0,30.0,meerkat_2,inactive,87,29.0,96.67,0.75
IMG_1561,0-30 sec,0.0,30.0,meerkat_2,social_contact,1,0.3333333333333333,1.11,0.7
IMG_1561,0-30 sec,0.0,30.0,meerkat_3,social_contact,1,0.3333333333333333,1.11,0.7
IMG_1561,30-60 sec,30.0,60.0,meerkat_1,inactive,69,23.0,76.67,0.75
IMG_1561,30-60 sec,30.0,60.0,meerkat_14,inactive,78,26.0,86.67,0.75
IMG_1561,30-60 sec,30.0,60.0,meerkat_2,inactive,85,28.333333333333332,94.44,0.75
IMG_1561,30-60 sec,30.0,60.0,meerkat_35,exploratory,2,0.6666666666666666,2.22,0.7
IMG_1561,30-60 sec,30.0,60.0,meerkat_35,inactive,2,0.6666666666666666,2.22,0.75
IMG_1561,60-90 sec,60.0,90.0,meerkat_1,inactive,62,20.666666666666668,68.89,0.75
IMG_1561,60-90 sec,60.0,90.0,meerkat_14,inactive,86,28.666666666666668,95.56,0.75
IMG_1561,60-90 sec,60.0,90.0,meerkat_2,inactive,92,30.666666666666668,102.22,0.75
IMG_1561,60-90 sec,60.0,90.0,meerkat_38,exploratory,4,1.3333333333333333,4.44,0.7
IMG_1561,60-90 sec,60.0,90.0,meerkat_38,inactive,1,0.3333333333333333,1.11,0.75
IMG_1561,60-90 sec,60.0,90.0,meerkat_40,inactive,5,1.6666666666666667,5.56,0.75
IMG_1561,60-90 sec,60.0,90.0,meerkat_60,inactive,13,4.333333333333333,14.44,0.75
IMG_1561,60-90 sec,60.0,90.0,meerkat_71,inactive,3,1.0,3.33,0.75
IMG_1561,60-90 sec,60.0,90.0,meerkat_75,exploratory,2,0.6666666666666666,2.22,0.7
IMG_1561,60-90 sec,60.0,90.0,meerkat_75,inactive,3,1.0,3.33,0.75
IMG_1561,60-90 sec,60.0,90.0,meerkat_75,social_contact,1,0.3333333333333333,1.11,0.7
IMG_1561,60-90 sec,60.0,90.0,meerkat_78,exploratory,1,0.3333333333333333,1.11,0.7
IMG_1561,60-90 sec,60.0,90.0,meerkat_78,inactive,4,1.3333333333333333,4.44,0.75
IMG_1561,60-90 sec,60.0,90.0,meerkat_78,social_contact,1,0.3333333333333333,1.11,0.7
IMG_1561,90-120 sec,90.0,120.0,focal_group,out_of_view,1,0.3333333333333333,1.11,1.0
IMG_1561,90-120 sec,90.0,120.0,meerkat_0,inactive,1,0.3333333333333333,1.11,0.75
IMG_1561,90-120 sec,90.0,120.0,meerkat_1,active_movement,1,0.3333333333333333,1.11,0.8
IMG_1561,90-120 sec,90.0,120.0,meerkat_1,inactive,41,13.666666666666666,45.56,0.75
IMG_1561,90-120 sec,90.0,120.0,meerkat_101,exploratory,1,0.3333333333333333,1.11,0.7
IMG_1561,90-120 sec,90.0,120.0,meerkat_101,inactive,7,2.3333333333333335,7.78,0.75
IMG_1561,90-120 sec,90.0,120.0,meerkat_104,inactive,5,1.6666666666666667,5.56,0.75
IMG_1561,90-120 sec,90.0,120.0,meerkat_104,social_contact,4,1.3333333333333333,4.44,0.7
IMG_1561,90-120 sec,90.0,120.0,meerkat_14,inactive,82,27.333333333333332,91.11,0.75
IMG_1561,90-120 sec,90.0,120.0,meerkat_14,social_contact,4,1.3333333333333333,4.44,0.7
IMG_1561,90-120 sec,90.0,120.0,meerkat_2,inactive,43,14.333333333333334,47.78,0.75
IMG_1561,90-120 sec,90.0,120.0,meerkat_89,exploratory,1,0.3333333333333333,1.11,0.7
IMG_1561,90-120 sec,90.0,120.0,meerkat_89,inactive,9,3.0,10.0,0.75
IMG_1561,90-120 sec,90.0,120.0,meerkat_89,social_contact,3,1.0,3.33,0.6999999999999998
IMG_1561,90-120 sec,90.0,120.0,meerkat_91,social_contact,3,1.0,3.33,0.6999999999999998
IMG_1561,90-120 sec,90.0,120.0,meerkat_93,inactive,3,1.0,3.33,0.75
IMG_1561,120-150 sec,120.0,150.0,meerkat_101,exploratory,2,0.6666666666666666,2.22,0.7
IMG_1561,120-150 sec,120.0,150.0,meerkat_101,inactive,4,1.3333333333333333,4.44,0.75
IMG_1561,120-150 sec,120.0,150.0,meerkat_101,social_contact,2,0.6666666666666666,2.22,0.7
IMG_1561,120-150 sec,120.0,150.0,meerkat_104,inactive,11,3.6666666666666665,12.22,0.75
IMG_1561,120-150 sec,120.0,150.0,meerkat_104,social_contact,13,4.333333333333333,14.44,0.7
IMG_1561,120-150 sec,120.0,150.0,meerkat_109,inactive,1,0.3333333333333333,1.11,0.75
IMG_1561,120-150 sec,120.0,150.0,meerkat_109,social_contact,2,0.6666666666666666,2.22,0.7
IMG_1561,120-150 sec,120.0,150.0,meerkat_118,inactive,1,0.3333333333333333,1.11,0.75
IMG_1561,120-150 sec,120.0,150.0,meerkat_131,inactive,31,10.333333333333334,34.44,0.75
IMG_1561,120-150 sec,120.0,150.0,meerkat_14,inactive,64,21.333333333333332,71.11,0.75
IMG_1561,120-150 sec,120.0,150.0,meerkat_14,social_contact,29,9.666666666666666,32.22,0.7
IMG_1561,120-150 sec,120.0,150.0,meerkat_146,social_contact,16,5.333333333333333,17.78,0.7
IMG_1561,120-150 sec,120.0,150.0,meerkat_149,exploratory,1,0.3333333333333333,1.11,0.7
IMG_1561,120-150 sec,120.0,150.0,meerkat_149,inactive,3,1.0,3.33,0.75
IMG_1561,120-150 sec,120.0,150.0,meerkat_153,inactive,1,0.3333333333333333,1.11,0.75
IMG_1561,120-150 sec,120.0,150.0,meerkat_155,exploratory,4,1.3333333333333333,4.44,0.7
IMG_1561,120-150 sec,120.0,150.0,meerkat_155,inactive,17,5.666666666666667,18.89,0.75
IMG_1561,120-150 sec,120.0,150.0,meerkat_169,inactive,2,0.6666666666666666,2.22,0.75
IMG_1561,120-150 sec,120.0,150.0,meerkat_170,inactive,2,0.6666666666666666,2.22,0.75
IMG_1561,150-180 sec,150.0,180.0,focal_group,out_of_view,25,8.333333333333334,27.78,1.0
IMG_1561,150-180 sec,150.0,180.0,meerkat_0,active_movement,10,3.3333333333333335,11.11,0.8
IMG_1561,150-180 sec,150.0,180.0,meerkat_0,exploratory,6,2.0,6.67,0.6999999999999998
IMG_1561,150-180 sec,150.0,180.0,meerkat_0,inactive,1,0.3333333333333333,1.11,0.75
IMG_1561,150-180 sec,150.0,180.0,meerkat_0,social_contact,10,3.3333333333333335,11.11,0.7
IMG_1561,150-180 sec,150.0,180.0,meerkat_1,active_movement,2,0.6666666666666666,2.22,0.8
IMG_1561,150-180 sec,150.0,180.0,meerkat_1,social_contact,10,3.3333333333333335,11.11,0.7
IMG_1561,150-180 sec,150.0,180.0,meerkat_14,inactive,20,6.666666666666667,22.22,0.75
IMG_1561,150-180 sec,150.0,180.0,meerkat_170,exploratory,1,0.3333333333333333,1.11,0.7
IMG_1561,150-180 sec,150.0,180.0,meerkat_170,inactive,3,1.0,3.33,0.75
IMG_1561,150-180 sec,150.0,180.0,meerkat_191,exploratory,1,0.3333333333333333,1.11,0.7
IMG_1561,150-180 sec,150.0,180.0,meerkat_191,inactive,1,0.3333333333333333,1.11,0.75
IMG_1561,150-180 sec,150.0,180.0,meerkat_192,exploratory,1,0.3333333333333333,1.11,0.7
IMG_1561,150-180 sec,150.0,180.0,meerkat_192,inactive,1,0.3333333333333333,1.11,0.75
IMG_1561,150-180 sec,150.0,180.0,meerkat_197,inactive,1,0.3333333333333333,1.11,0.75
IMG_1561,150-180 sec,150.0,180.0,meerkat_198,inactive,5,1.6666666666666667,5.56,0.75
IMG_1561,150-180 sec,150.0,180.0,meerkat_198,social_contact,9,3.0,10.0,0.7
IMG_1561,150-180 sec,150.0,180.0,meerkat_199,social_contact,7,2.3333333333333335,7.78,0.7
IMG_1561,150-180 sec,150.0,180.0,meerkat_2,social_contact,3,1.0,3.33,0.6999999999999998
IMG_1561,150-180 sec,150.0,180.0,meerkat_200,social_contact,2,0.6666666666666666,2.22,0.7
IMG_1561,150-180 sec,150.0,180.0,meerkat_201,social_contact,2,0.6666666666666666,2.22,0.7
IMG_1561,150-180 sec,150.0,180.0,meerkat_211,inactive,3,1.0,3.33,0.75
IMG_1561,150-180 sec,150.0,180.0,meerkat_3,active_movement,1,0.3333333333333333,1.11,0.8
IMG_1561,150-180 sec,150.0,180.0,meerkat_3,social_contact,1,0.3333333333333333,1.11,0.7
IMG_1561,180-210 sec,180.0,210.0,focal_group,out_of_view,82,27.333333333333332,91.11,1.0
IMG_1561,180-210 sec,180.0,210.0,meerkat_0,active_movement,2,0.6666666666666666,2.22,0.8
IMG_1561,180-210 sec,180.0,210.0,meerkat_0,exploratory,2,0.6666666666666666,2.22,0.7
IMG_1561,180-210 sec,180.0,210.0,meerkat_0,social_contact,1,0.3333333333333333,1.11,0.7
IMG_1561,180-210 sec,180.0,210.0,meerkat_1,social_contact,1,0.3333333333333333,1.11,0.7
IMG_1561,180-210 sec,180.0,210.0,meerkat_213,inactive,1,0.3333333333333333,1.11,0.75
IMG_1561,180-210 sec,180.0,210.0,meerkat_216,inactive,1,0.3333333333333333,1.11,0.75
IMG_1561,180-210 sec,180.0,210.0,meerkat_216,social_contact,1,0.3333333333333333,1.11,0.7
IMG_1561,180-210 sec,180.0,210.0,meerkat_217,exploratory,1,0.3333333333333333,1.11,0.7
IMG_1561,180-210 sec,180.0,210.0,meerkat_217,inactive,2,0.6666666666666666,2.22,0.75
IMG_1561,180-210 sec,180.0,210.0,meerkat_217,social_contact,1,0.3333333333333333,1.11,0.7
IMG_1561,210-240 sec,210.0,240.0,focal_group,out_of_view,94,31.333333333333332,104.44,1.0
IMG_1561,240-270 sec,240.0,270.0,focal_group,out_of_view,62,20.666666666666668,68.89,1.0
IMG_1561,240-270 sec,240.0,270.0,meerkat_0,active_movement,7,2.3333333333333335,7.78,0.8
IMG_1561,240-270 sec,240.0,270.0,meerkat_0,exploratory,2,0.6666666666666666,2.22,0.7
IMG_1561,240-270 sec,240.0,270.0,meerkat_0,social_contact,1,0.3333333333333333,1.11,0.7
IMG_1561,240-270 sec,240.0,270.0,meerkat_1,social_contact,1,0.3333333333333333,1.11,0.7
IMG_1561,240-270 sec,240.0,270.0,meerkat_2,social_contact,1,0.3333333333333333,1.11,0.7
IMG_1561,240-270 sec,240.0,270.0,meerkat_225,inactive,2,0.6666666666666666,2.22,0.75
IMG_1561,240-270 sec,240.0,270.0,meerkat_225,social_contact,14,4.666666666666667,15.56,0.7
IMG_1561,240-270 sec,240.0,270.0,meerkat_228,social_contact,14,4.666666666666667,15.56,0.7
IMG_1561,240-270 sec,240.0,270.0,meerkat_230,inactive,6,2.0,6.67,0.75
IMG_1561,270-300 sec,270.0,300.0,focal_group,out_of_view,66,22.0,73.33,1.0
IMG_1561,270-300 sec,270.0,300.0,meerkat_0,active_movement,8,2.6666666666666665,8.89,0.8
IMG_1561,270-300 sec,270.0,300.0,meerkat_0,exploratory,7,2.3333333333333335,7.78,0.7
IMG_1561,270-300 sec,270.0,300.0,meerkat_0,inactive,4,1.3333333333333333,4.44,0.75
IMG_1561,270-300 sec,270.0,300.0,meerkat_0,social_contact,2,0.6666666666666666,2.22,0.7
IMG_1561,270-300 sec,270.0,300.0,meerkat_1,social_contact,2,0.6666666666666666,2.22,0.7
IMG_1561,270-300 sec,270.0,300.0,meerkat_236,inactive,4,1.3333333333333333,4.44,0.75
IMG_1561,270-300 sec,270.0,300.0,meerkat_237,inactive,1,0.3333333333333333,1.11,0.75
IMG_1561,270-300 sec,270.0,300.0,meerkat_240,inactive,1,0.3333333333333333,1.11,0.75
IMG_1561,300-330 sec,300.0,330.0,focal_group,out_of_view,37,12.333333333333334,41.11,1.0
IMG_1561,300-330 sec,300.0,330.0,meerkat_0,active_movement,11,3.6666666666666665,12.22,0.8
IMG_1561,300-330 sec,300.0,330.0,meerkat_0,exploratory,2,0.6666666666666666,2.22,0.7
IMG_1561,300-330 sec,300.0,330.0,meerkat_0,inactive,9,3.0,10.0,0.75
IMG_1561,300-330 sec,300.0,330.0,meerkat_0,olfactory_interest,1,0.3333333333333333,1.11,0.85
IMG_1561,300-330 sec,300.0,330.0,meerkat_0,social_contact,3,1.0,3.33,0.6999999999999998
IMG_1561,300-330 sec,300.0,330.0,meerkat_1,active_movement,3,1.0,3.33,0.8000000000000002
IMG_1561,300-330 sec,300.0,330.0,meerkat_1,social_contact,2,0.6666666666666666,2.22,0.7
IMG_1561,300-330 sec,300.0,330.0,meerkat_2,social_contact,1,0.3333333333333333,1.11,0.7
IMG_1561,300-330 sec,300.0,330.0,meerkat_249,inactive,31,10.333333333333334,34.44,0.75
IMG_1561,330-360 sec,330.0,360.0,meerkat_249,inactive,75,25.0,83.33,0.75
IMG_1561,330-360 sec,330.0,360.0,meerkat_249,social_contact,19,6.333333333333333,21.11,0.7
IMG_1561,330-360 sec,330.0,360.0,meerkat_264,exploratory,2,0.6666666666666666,2.22,0.7
IMG_1561,330-360 sec,330.0,360.0,meerkat_264,social_contact,19,6.333333333333333,21.11,0.7
IMG_1561,360-390 sec,360.0,390.0,focal_group,out_of_view,24,8.0,26.67,1.0
IMG_1561,360-390 sec,360.0,390.0,meerkat_0,active_movement,5,1.6666666666666667,5.56,0.8
IMG_1561,360-390 sec,360.0,390.0,meerkat_0,exploratory,3,1.0,3.33,0.6999999999999998
IMG_1561,360-390 sec,360.0,390.0,meerkat_0,inactive,1,0.3333333333333333,1.11,0.75
IMG_1561,360-390 sec,360.0,390.0,meerkat_0,social_contact,1,0.3333333333333333,1.11,0.7
IMG_1561,360-390 sec,360.0,390.0,meerkat_1,active_movement,2,0.6666666666666666,2.22,0.8
IMG_1561,360-390 sec,360.0,390.0,meerkat_1,social_contact,1,0.3333333333333333,1.11,0.7
IMG_1561,360-390 sec,360.0,390.0,meerkat_249,inactive,51,17.0,56.67,0.75
IMG_1561,360-390 sec,360.0,390.0,meerkat_284,active_movement,1,0.3333333333333333,1.11,0.8
IMG_1561,360-390 sec,360.0,390.0,meerkat_284,exploratory,1,0.3333333333333333,1.11,0.7
IMG_1561,360-390 sec,360.0,390.0,meerkat_284,inactive,4,1.3333333333333333,4.44,0.75
IMG_1561,360-390 sec,360.0,390.0,meerkat_286,exploratory,3,1.0,3.33,0.6999999999999998
IMG_1561,360-390 sec,360.0,390.0,meerkat_286,inactive,4,1.3333333333333333,4.44,0.75
IMG_1561,390-420 sec,390.0,420.0,focal_group,out_of_view,93,31.0,103.33,1.0
IMG_1561,420-450 sec,420.0,450.0,focal_group,out_of_view,29,9.666666666666666,32.22,1.0
IMG_1561,420-450 sec,420.0,450.0,meerkat_0,active_movement,1,0.3333333333333333,1.11,0.8
IMG_1561,420-450 sec,420.0,450.0,meerkat_0,exploratory,5,1.6666666666666667,5.56,0.7
IMG_1561,420-450 sec,420.0,450.0,meerkat_296,exploratory,5,1.6666666666666667,5.56,0.7
IMG_1561,420-450 sec,420.0,450.0,meerkat_296,inactive,50,16.666666666666668,55.56,0.75
IMG_1561,420-450 sec,420.0,450.0,meerkat_304,inactive,3,1.0,3.33,0.75
IMG_1561,420-450 sec,420.0,450.0,meerkat_305,inactive,13,4.333333333333333,14.44,0.75
IMG_1561,450-480 sec,450.0,480.0,focal_group,out_of_view,53,17.666666666666668,58.89,1.0
IMG_1561,450-480 sec,450.0,480.0,meerkat_0,active_movement,2,0.6666666666666666,2.22,0.8
IMG_1561,450-480 sec,450.0,480.0,meerkat_0,exploratory,3,1.0,3.33,0.6999999999999998
IMG_1561,450-480 sec,450.0,480.0,meerkat_0,inactive,1,0.3333333333333333,1.11,0.75
IMG_1561,450-480 sec,450.0,480.0,meerkat_0,social_contact,1,0.3333333333333333,1.11,0.7
IMG_1561,450-480 sec,450.0,480.0,meerkat_1,social_contact,1,0.3333333333333333,1.11,0.7
IMG_1561,450-480 sec,450.0,480.0,meerkat_311,inactive,34,11.333333333333334,37.78,0.75
IMG_1561,450-480 sec,450.0,480.0,meerkat_312,exploratory,4,1.3333333333333333,4.44,0.7
IMG_1561,450-480 sec,450.0,480.0,meerkat_312,inactive,2,0.6666666666666666,2.22,0.75
IMG_1561,450-480 sec,450.0,480.0,meerkat_313,inactive,28,9.333333333333334,31.11,0.75
IMG_1561,450-480 sec,450.0,480.0,meerkat_313,social_contact,2,0.6666666666666666,2.22,0.7
IMG_1561,450-480 sec,450.0,480.0,meerkat_325,exploratory,1,0.3333333333333333,1.11,0.7
IMG_1561,450-480 sec,450.0,480.0,meerkat_325,inactive,1,0.3333333333333333,1.11,0.75
IMG_1561,450-480 sec,450.0,480.0,meerkat_325,social_contact,2,0.6666666666666666,2.22,0.7
IMG_1561,480-510 sec,480.0,510.0,meerkat_311,inactive,93,31.0,103.33,0.75
IMG_1561,480-510 sec,480.0,510.0,meerkat_313,inactive,46,15.333333333333334,51.11,0.75
IMG_1561,480-510 sec,480.0,510.0,meerkat_313,social_contact,47,15.666666666666666,52.22,0.7
IMG_1561,480-510 sec,480.0,510.0,meerkat_340,social_contact,13,4.333333333333333,14.44,0.7
IMG_1561,480-510 sec,480.0,510.0,meerkat_357,social_contact,34,11.333333333333334,37.78,0.7
IMG_1561,510-540 sec,510.0,540.0,meerkat_311,inactive,65,21.666666666666668,72.22,0.75
IMG_1561,510-540 sec,510.0,540.0,meerkat_313,inactive,24,8.0,26.67,0.75
IMG_1561,510-540 sec,510.0,540.0,meerkat_313,social_contact,41,13.666666666666666,45.56,0.7
IMG_1561,510-540 sec,510.0,540.0,meerkat_357,social_contact,41,13.666666666666666,45.56,0.7
