image,time_sec,class_id,class_name,x1,y1,x2,y2,split,source
IMG1561_t000.jpg,0,0,meerkat,335,300,390,405,val,motion_plus_anchor_pseudo
IMG1561_t000.jpg,0,0,meerkat,490,310,545,415,val,motion_plus_anchor_pseudo
IMG1561_t001.jpg,1,0,meerkat,335,300,390,405,train,motion_plus_anchor_pseudo
IMG1561_t001.jpg,1,0,meerkat,490,310,545,415,train,motion_plus_anchor_pseudo
IMG1561_t002.jpg,2,0,meerkat,335,300,390,405,train,motion_plus_anchor_pseudo
IMG1561_t002.jpg,2,0,meerkat,490,310,545,415,train,motion_plus_anchor_pseudo
IMG1561_t003.jpg,3,0,meerkat,335,300,390,405,train,motion_plus_anchor_pseudo
IMG1561_t003.jpg,3,0,meerkat,490,310,545,415,train,motion_plus_anchor_pseudo
IMG1561_t004.jpg,4,0,meerkat,335,300,390,405,train,motion_plus_anchor_pseudo
IMG1561_t004.jpg,4,0,meerkat,490,310,545,415,train,motion_plus_anchor_pseudo
IMG1561_t005.jpg,5,0,meerkat,335,300,390,405,val,motion_plus_anchor_pseudo
IMG1561_t005.jpg,5,0,meerkat,490,310,545,415,val,motion_plus_anchor_pseudo
IMG1561_t006.jpg,6,0,meerkat,335,300,390,405,train,motion_plus_anchor_pseudo
IMG1561_t006.jpg,6,0,meerkat,490,310,545,415,train,motion_plus_anchor_pseudo
IMG1561_t007.jpg,7,0,meerkat,335,300,390,405,train,motion_plus_anchor_pseudo
IMG1561_t007.jpg,7,0,meerkat,490,310,545,415,train,motion_plus_anchor_pseudo
IMG1561_t007.jpg,7,0,meerkat,567,272,611,315,train,motion_plus_anchor_pseudo
IMG1561_t008.jpg,8,0,meerkat,335,300,390,405,train,motion_plus_anchor_pseudo
IMG1561_t008.jpg,8,0,meerkat,490,310,545,415,train,motion_plus_anchor_pseudo
IMG1561_t009.jpg,9,0,meerkat,335,300,390,405,train,motion_plus_anchor_pseudo
IMG1561_t009.jpg,9,0,meerkat,490,310,545,415,train,motion_plus_anchor_pseudo
IMG1561_t010.jpg,10,0,meerkat,335,300,390,405,val,motion_plus_anchor_pseudo
IMG1561_t010.jpg,10,0,meerkat,490,310,545,415,val,motion_plus_anchor_pseudo
IMG1561_t011.jpg,11,0,meerkat,335,300,390,405,train,motion_plus_anchor_pseudo
IMG1561_t011.jpg,11,0,meerkat,490,310,545,415,train,motion_plus_anchor_pseudo
IMG1561_t012.jpg,12,0,meerkat,335,300,390,405,train,motion_plus_anchor_pseudo
IMG1561_t012.jpg,12,0,meerkat,490,310,545,415,train,motion_plus_anchor_pseudo
IMG1561_t013.jpg,13,0,meerkat,335,300,390,405,train,motion_plus_anchor_pseudo
IMG1561_t013.jpg,13,0,meerkat,490,310,545,415,train,motion_plus_anchor_pseudo
IMG1561_t014.jpg,14,0,meerkat,335,300,390,405,train,motion_plus_anchor_pseudo
IMG1561_t014.jpg,14,0,meerkat,490,310,545,415,train,motion_plus_anchor_pseudo
IMG1561_t015.jpg,15,0,meerkat,335,300,390,405,val,motion_plus_anchor_pseudo
IMG1561_t015.jpg,15,0,meerkat,490,310,545,415,val,motion_plus_anchor_pseudo
IMG1561_t016.jpg,16,0,meerkat,335,300,390,405,train,motion_plus_anchor_pseudo
IMG1561_t016.jpg,16,0,meerkat,490,310,545,415,train,motion_plus_anchor_pseudo
IMG1561_t017.jpg,17,0,meerkat,335,300,390,405,train,motion_plus_anchor_pseudo
IMG1561_t017.jpg,17,0,meerkat,490,310,545,415,train,motion_plus_anchor_pseudo
IMG1561_t017.jpg,17,0,meerkat,716,96,743,142,train,motion_plus_anchor_pseudo
IMG1561_t018.jpg,18,0,meerkat,335,300,390,405,train,motion_plus_anchor_pseudo
IMG1561_t018.jpg,18,0,meerkat,490,310,545,415,train,motion_plus_anchor_pseudo
IMG1561_t019.jpg,19,0,meerkat,335,300,390,405,train,motion_plus_anchor_pseudo
IMG1561_t019.jpg,19,0,meerkat,490,310,545,415,train,motion_plus_anchor_pseudo
IMG1561_t020.jpg,20,0,meerkat,335,300,390,405,val,motion_plus_anchor_pseudo
IMG1561_t020.jpg,20,0,meerkat,490,310,545,415,val,motion_plus_anchor_pseudo
IMG1561_t020.jpg,20,0,meerkat,190,153,238,191,val,motion_plus_anchor_pseudo
IMG1561_t021.jpg,21,0,meerkat,335,300,390,405,train,motion_plus_anchor_pseudo
IMG1561_t021.jpg,21,0,meerkat,490,310,545,415,train,motion_plus_anchor_pseudo
IMG1561_t021.jpg,21,0,meerkat,204,172,234,210,train,motion_plus_anchor_pseudo
IMG1561_t022.jpg,22,0,meerkat,335,300,390,405,train,motion_plus_anchor_pseudo
IMG1561_t022.jpg,22,0,meerkat,490,310,545,415,train,motion_plus_anchor_pseudo
IMG1561_t023.jpg,23,0,meerkat,335,300,390,405,train,motion_plus_anchor_pseudo
IMG1561_t023.jpg,23,0,meerkat,490,310,545,415,train,motion_plus_anchor_pseudo
IMG1561_t024.jpg,24,0,meerkat,335,300,390,405,train,motion_plus_anchor_pseudo
IMG1561_t024.jpg,24,0,meerkat,490,310,545,415,train,motion_plus_anchor_pseudo
IMG1561_t024.jpg,24,0,meerkat,484,127,515,160,train,motion_plus_anchor_pseudo
IMG1561_t025.jpg,25,0,meerkat,335,300,390,405,val,motion_plus_anchor_pseudo
IMG1561_t025.jpg,25,0,meerkat,490,310,545,415,val,motion_plus_anchor_pseudo
IMG1561_t025.jpg,25,0,meerkat,98,219,142,247,val,motion_plus_anchor_pseudo
IMG1561_t026.jpg,26,0,meerkat,335,300,390,405,train,motion_plus_anchor_pseudo
IMG1561_t027.jpg,27,0,meerkat,335,300,390,405,train,motion_plus_anchor_pseudo
IMG1561_t028.jpg,28,0,meerkat,335,300,390,405,train,motion_plus_anchor_pseudo
IMG1561_t028.jpg,28,0,meerkat,452,218,509,258,train,motion_plus_anchor_pseudo
IMG1561_t029.jpg,29,0,meerkat,335,300,390,405,train,motion_plus_anchor_pseudo
IMG1561_t030.jpg,30,0,meerkat,335,300,390,405,val,motion_plus_anchor_pseudo
IMG1561_t031.jpg,31,0,meerkat,335,300,390,405,train,motion_plus_anchor_pseudo
IMG1561_t032.jpg,32,0,meerkat,335,300,390,405,train,motion_plus_anchor_pseudo
IMG1561_t033.jpg,33,0,meerkat,335,300,390,405,train,motion_plus_anchor_pseudo
IMG1561_t034.jpg,34,0,meerkat,335,300,390,405,train,motion_plus_anchor_pseudo
IMG1561_t035.jpg,35,0,meerkat,335,300,390,405,val,motion_plus_anchor_pseudo
IMG1561_t036.jpg,36,0,meerkat,463,316,498,348,train,motion_plus_anchor_pseudo
IMG1561_t037.jpg,37,0,meerkat,435,303,504,351,train,motion_plus_anchor_pseudo
IMG1561_t041.jpg,41,0,meerkat,183,493,244,557,train,motion_plus_anchor_pseudo
IMG1561_t043.jpg,43,0,meerkat,316,498,381,568,train,motion_plus_anchor_pseudo
IMG1561_t044.jpg,44,0,meerkat,414,465,474,527,train,motion_plus_anchor_pseudo
IMG1561_t045.jpg,45,0,meerkat,510,447,574,507,val,motion_plus_anchor_pseudo
IMG1561_t046.jpg,46,0,meerkat,623,478,703,543,train,motion_plus_anchor_pseudo
IMG1561_t047.jpg,47,0,meerkat,717,539,819,624,train,motion_plus_anchor_pseudo
IMG1561_t048.jpg,48,0,meerkat,814,598,923,695,train,motion_plus_anchor_pseudo
IMG1561_t049.jpg,49,0,meerkat,772,631,941,720,train,motion_plus_anchor_pseudo
IMG1561_t050.jpg,50,0,meerkat,935,677,1043,720,val,motion_plus_anchor_pseudo
IMG1561_t063.jpg,63,0,meerkat,1028,645,1116,720,train,motion_plus_anchor_pseudo
IMG1561_t063.jpg,63,0,meerkat,627,77,654,122,train,motion_plus_anchor_pseudo
IMG1561_t064.jpg,64,0,meerkat,1006,630,1099,720,train,motion_plus_anchor_pseudo
IMG1561_t066.jpg,66,0,meerkat,229,620,346,695,train,motion_plus_anchor_pseudo
IMG1561_t066.jpg,66,0,meerkat,1023,497,1066,564,train,motion_plus_anchor_pseudo
IMG1561_t066.jpg,66,0,meerkat,1064,651,1093,695,train,motion_plus_anchor_pseudo
IMG1561_t067.jpg,67,0,meerkat,327,598,449,670,train,motion_plus_anchor_pseudo
IMG1561_t067.jpg,67,0,meerkat,1057,451,1090,510,train,motion_plus_anchor_pseudo
IMG1561_t067.jpg,67,0,meerkat,1064,651,1093,696,train,motion_plus_anchor_pseudo
IMG1561_t068.jpg,68,0,meerkat,416,549,503,622,train,motion_plus_anchor_pseudo
IMG1561_t068.jpg,68,0,meerkat,488,156,543,188,train,motion_plus_anchor_pseudo
IMG1561_t068.jpg,68,0,meerkat,1134,468,1161,513,train,motion_plus_anchor_pseudo
IMG1561_t069.jpg,69,0,meerkat,454,566,558,629,train,motion_plus_anchor_pseudo
IMG1561_t069.jpg,69,0,meerkat,561,521,637,591,train,motion_plus_anchor_pseudo
IMG1561_t069.jpg,69,0,meerkat,396,178,435,204,train,motion_plus_anchor_pseudo
IMG1561_t070.jpg,70,0,meerkat,1102,441,1135,476,val,motion_plus_anchor_pseudo
IMG1561_t070.jpg,70,0,meerkat,204,192,236,228,val,motion_plus_anchor_pseudo
IMG1561_t071.jpg,71,0,meerkat,683,500,823,590,train,motion_plus_anchor_pseudo
IMG1561_t071.jpg,71,0,meerkat,245,251,278,283,train,motion_plus_anchor_pseudo
IMG1561_t073.jpg,73,0,meerkat,1018,378,1052,415,train,motion_plus_anchor_pseudo
IMG1561_t074.jpg,74,0,meerkat,863,423,910,479,train,motion_plus_anchor_pseudo
IMG1561_t074.jpg,74,0,meerkat,1031,390,1075,426,train,motion_plus_anchor_pseudo
IMG1561_t075.jpg,75,0,meerkat,675,95,725,195,val,motion_plus_anchor_pseudo
IMG1561_t075.jpg,75,0,meerkat,1021,369,1052,418,val,motion_plus_anchor_pseudo
IMG1561_t076.jpg,76,0,meerkat,675,95,725,195,train,motion_plus_anchor_pseudo
IMG1561_t076.jpg,76,0,meerkat,904,351,956,390,train,motion_plus_anchor_pseudo
IMG1561_t076.jpg,76,0,meerkat,1008,371,1045,417,train,motion_plus_anchor_pseudo
IMG1561_t077.jpg,77,0,meerkat,675,95,725,195,train,motion_plus_anchor_pseudo
IMG1561_t077.jpg,77,0,meerkat,901,342,957,410,train,motion_plus_anchor_pseudo
IMG1561_t077.jpg,77,0,meerkat,1015,369,1042,416,train,motion_plus_anchor_pseudo
IMG1561_t078.jpg,78,0,meerkat,675,95,725,195,train,motion_plus_anchor_pseudo
IMG1561_t078.jpg,78,0,meerkat,910,351,955,391,train,motion_plus_anchor_pseudo
IMG1561_t078.jpg,78,0,meerkat,1007,369,1040,412,train,motion_plus_anchor_pseudo
IMG1561_t079.jpg,79,0,meerkat,675,95,725,195,train,motion_plus_anchor_pseudo
IMG1561_t079.jpg,79,0,meerkat,1015,372,1074,420,train,motion_plus_anchor_pseudo
IMG1561_t079.jpg,79,0,meerkat,99,215,164,257,train,motion_plus_anchor_pseudo
IMG1561_t079.jpg,79,0,meerkat,900,349,957,392,train,motion_plus_anchor_pseudo
IMG1561_t080.jpg,80,0,meerkat,675,95,725,195,val,motion_plus_anchor_pseudo
IMG1561_t080.jpg,80,0,meerkat,1030,372,1105,433,val,motion_plus_anchor_pseudo
IMG1561_t080.jpg,80,0,meerkat,917,355,969,389,val,motion_plus_anchor_pseudo
IMG1561_t081.jpg,81,0,meerkat,675,95,725,195,train,motion_plus_anchor_pseudo
IMG1561_t081.jpg,81,0,meerkat,1028,376,1105,433,train,motion_plus_anchor_pseudo
IMG1561_t081.jpg,81,0,meerkat,931,369,994,407,train,motion_plus_anchor_pseudo
IMG1561_t082.jpg,82,0,meerkat,994,377,1094,441,train,motion_plus_anchor_pseudo
IMG1561_t082.jpg,82,0,meerkat,675,95,725,195,train,motion_plus_anchor_pseudo
IMG1561_t083.jpg,83,0,meerkat,1019,384,1094,460,train,motion_plus_anchor_pseudo
IMG1561_t083.jpg,83,0,meerkat,675,95,725,195,train,motion_plus_anchor_pseudo
IMG1561_t084.jpg,84,0,meerkat,675,95,725,195,train,motion_plus_anchor_pseudo
IMG1561_t084.jpg,84,0,meerkat,1020,386,1089,434,train,motion_plus_anchor_pseudo
IMG1561_t085.jpg,85,0,meerkat,1018,377,1102,437,val,motion_plus_anchor_pseudo
IMG1561_t085.jpg,85,0,meerkat,675,95,725,195,val,motion_plus_anchor_pseudo
IMG1561_t086.jpg,86,0,meerkat,675,95,725,195,train,motion_plus_anchor_pseudo
IMG1561_t086.jpg,86,0,meerkat,1005,550,1036,597,train,motion_plus_anchor_pseudo
IMG1561_t086.jpg,86,0,meerkat,1068,383,1103,422,train,motion_plus_anchor_pseudo
IMG1561_t087.jpg,87,0,meerkat,898,609,1034,720,train,motion_plus_anchor_pseudo
IMG1561_t087.jpg,87,0,meerkat,675,95,725,195,train,motion_plus_anchor_pseudo
IMG1561_t088.jpg,88,0,meerkat,675,95,725,195,train,motion_plus_anchor_pseudo
IMG1561_t089.jpg,89,0,meerkat,675,95,725,195,train,motion_plus_anchor_pseudo
IMG1561_t089.jpg,89,0,meerkat,1071,383,1125,417,train,motion_plus_anchor_pseudo
IMG1561_t090.jpg,90,0,meerkat,675,95,725,195,val,motion_plus_anchor_pseudo
IMG1561_t090.jpg,90,0,meerkat,1094,383,1129,422,val,motion_plus_anchor_pseudo
IMG1561_t091.jpg,91,0,meerkat,675,95,725,195,train,motion_plus_anchor_pseudo
IMG1561_t092.jpg,92,0,meerkat,675,95,725,195,train,motion_plus_anchor_pseudo
IMG1561_t092.jpg,92,0,meerkat,66,624,130,684,train,motion_plus_anchor_pseudo
IMG1561_t093.jpg,93,0,meerkat,675,95,725,195,train,motion_plus_anchor_pseudo
IMG1561_t093.jpg,93,0,meerkat,1136,401,1179,432,train,motion_plus_anchor_pseudo
IMG1561_t094.jpg,94,0,meerkat,675,95,725,195,train,motion_plus_anchor_pseudo
IMG1561_t094.jpg,94,0,meerkat,1157,384,1192,438,train,motion_plus_anchor_pseudo
IMG1561_t095.jpg,95,0,meerkat,675,95,725,195,val,motion_plus_anchor_pseudo
IMG1561_t096.jpg,96,0,meerkat,675,95,725,195,train,motion_plus_anchor_pseudo
IMG1561_t096.jpg,96,0,meerkat,1166,331,1197,369,train,motion_plus_anchor_pseudo
IMG1561_t097.jpg,97,0,meerkat,675,95,725,195,train,motion_plus_anchor_pseudo
IMG1561_t098.jpg,98,0,meerkat,675,95,725,195,train,motion_plus_anchor_pseudo
IMG1561_t099.jpg,99,0,meerkat,675,95,725,195,train,motion_plus_anchor_pseudo
IMG1561_t100.jpg,100,0,meerkat,675,95,725,195,val,motion_plus_anchor_pseudo
IMG1561_t101.jpg,101,0,meerkat,675,95,725,195,train,motion_plus_anchor_pseudo
IMG1561_t102.jpg,102,0,meerkat,675,95,725,195,train,motion_plus_anchor_pseudo
IMG1561_t103.jpg,103,0,meerkat,675,95,725,195,train,motion_plus_anchor_pseudo
IMG1561_t103.jpg,103,0,meerkat,257,416,332,456,train,motion_plus_anchor_pseudo
IMG1561_t104.jpg,104,0,meerkat,675,95,725,195,train,motion_plus_anchor_pseudo
IMG1561_t105.jpg,105,0,meerkat,675,95,725,195,val,motion_plus_anchor_pseudo
IMG1561_t105.jpg,105,0,meerkat,426,412,480,455,val,motion_plus_anchor_pseudo
IMG1561_t106.jpg,106,0,meerkat,675,95,725,195,train,motion_plus_anchor_pseudo
IMG1561_t106.jpg,106,0,meerkat,421,412,508,463,train,motion_plus_anchor_pseudo
IMG1561_t107.jpg,107,0,meerkat,675,95,725,195,train,motion_plus_anchor_pseudo
IMG1561_t107.jpg,107,0,meerkat,546,464,609,505,train,motion_plus_anchor_pseudo
IMG1561_t108.jpg,108,0,meerkat,675,95,725,195,train,motion_plus_anchor_pseudo
IMG1561_t108.jpg,108,0,meerkat,579,468,624,504,train,motion_plus_anchor_pseudo
IMG1561_t109.jpg,109,0,meerkat,675,95,725,195,train,motion_plus_anchor_pseudo
IMG1561_t109.jpg,109,0,meerkat,570,468,614,504,train,motion_plus_anchor_pseudo
IMG1561_t110.jpg,110,0,meerkat,675,95,725,195,val,motion_plus_anchor_pseudo
IMG1561_t111.jpg,111,0,meerkat,675,95,725,195,train,motion_plus_anchor_pseudo
IMG1561_t111.jpg,111,0,meerkat,573,460,650,506,train,motion_plus_anchor_pseudo
IMG1561_t111.jpg,111,0,meerkat,125,301,153,344,train,motion_plus_anchor_pseudo
IMG1561_t112.jpg,112,0,meerkat,574,435,650,507,train,motion_plus_anchor_pseudo
IMG1561_t112.jpg,112,0,meerkat,675,95,725,195,train,motion_plus_anchor_pseudo
IMG1561_t112.jpg,112,0,meerkat,126,296,154,342,train,motion_plus_anchor_pseudo
IMG1561_t113.jpg,113,0,meerkat,675,95,725,195,train,motion_plus_anchor_pseudo
IMG1561_t113.jpg,113,0,meerkat,583,436,645,498,train,motion_plus_anchor_pseudo
IMG1561_t113.jpg,113,0,meerkat,111,275,146,318,train,motion_plus_anchor_pseudo
IMG1561_t114.jpg,114,0,meerkat,97,275,150,328,train,motion_plus_anchor_pseudo
IMG1561_t114.jpg,114,0,meerkat,688,77,722,121,train,motion_plus_anchor_pseudo
IMG1561_t115.jpg,115,0,meerkat,685,76,734,133,val,motion_plus_anchor_pseudo
IMG1561_t116.jpg,116,0,meerkat,686,77,731,125,train,motion_plus_anchor_pseudo
IMG1561_t117.jpg,117,0,meerkat,690,70,732,126,train,motion_plus_anchor_pseudo
IMG1561_t118.jpg,118,0,meerkat,696,58,733,127,train,motion_plus_anchor_pseudo
IMG1561_t119.jpg,119,0,meerkat,694,57,735,131,train,motion_plus_anchor_pseudo
IMG1561_t120.jpg,120,0,meerkat,693,56,735,131,val,motion_plus_anchor_pseudo
IMG1561_t121.jpg,121,0,meerkat,675,95,725,195,train,motion_plus_anchor_pseudo
IMG1561_t121.jpg,121,0,meerkat,690,32,737,130,train,motion_plus_anchor_pseudo
IMG1561_t121.jpg,121,0,meerkat,495,307,542,397,train,motion_plus_anchor_pseudo
IMG1561_t122.jpg,122,0,meerkat,675,95,725,195,train,motion_plus_anchor_pseudo
IMG1561_t122.jpg,122,0,meerkat,690,28,737,129,train,motion_plus_anchor_pseudo
IMG1561_t122.jpg,122,0,meerkat,499,339,535,386,train,motion_plus_anchor_pseudo
IMG1561_t122.jpg,122,0,meerkat,720,309,764,343,train,motion_plus_anchor_pseudo
IMG1561_t123.jpg,123,0,meerkat,474,310,539,424,train,motion_plus_anchor_pseudo
IMG1561_t123.jpg,123,0,meerkat,675,95,725,195,train,motion_plus_anchor_pseudo
IMG1561_t123.jpg,123,0,meerkat,689,31,737,129,train,motion_plus_anchor_pseudo
IMG1561_t124.jpg,124,0,meerkat,675,95,725,195,train,motion_plus_anchor_pseudo
IMG1561_t124.jpg,124,0,meerkat,688,28,733,123,train,motion_plus_anchor_pseudo
IMG1561_t124.jpg,124,0,meerkat,473,377,527,422,train,motion_plus_anchor_pseudo
IMG1561_t125.jpg,125,0,meerkat,675,95,725,195,val,motion_plus_anchor_pseudo
IMG1561_t125.jpg,125,0,meerkat,685,26,733,125,val,motion_plus_anchor_pseudo
IMG1561_t125.jpg,125,0,meerkat,591,471,643,515,val,motion_plus_anchor_pseudo
IMG1561_t125.jpg,125,0,meerkat,455,387,497,427,val,motion_plus_anchor_pseudo
IMG1561_t126.jpg,126,0,meerkat,675,95,725,195,train,motion_plus_anchor_pseudo
IMG1561_t126.jpg,126,0,meerkat,685,30,733,125,train,motion_plus_anchor_pseudo
IMG1561_t126.jpg,126,0,meerkat,667,415,720,460,train,motion_plus_anchor_pseudo
IMG1561_t126.jpg,126,0,meerkat,417,386,464,416,train,motion_plus_anchor_pseudo
IMG1561_t127.jpg,127,0,meerkat,675,95,725,195,train,motion_plus_anchor_pseudo
IMG1561_t127.jpg,127,0,meerkat,720,345,781,425,train,motion_plus_anchor_pseudo
IMG1561_t127.jpg,127,0,meerkat,688,28,733,123,train,motion_plus_anchor_pseudo
IMG1561_t127.jpg,127,0,meerkat,432,387,499,439,train,motion_plus_anchor_pseudo
IMG1561_t128.jpg,128,0,meerkat,675,95,725,195,train,motion_plus_anchor_pseudo
IMG1561_t128.jpg,128,0,meerkat,426,315,472,414,train,motion_plus_anchor_pseudo
IMG1561_t128.jpg,128,0,meerkat,782,296,828,341,train,motion_plus_anchor_pseudo
IMG1561_t128.jpg,128,0,meerkat,693,67,726,109,train,motion_plus_anchor_pseudo
IMG1561_t129.jpg,129,0,meerkat,419,554,547,681,train,motion_plus_anchor_pseudo
IMG1561_t129.jpg,129,0,meerkat,426,323,470,408,train,motion_plus_anchor_pseudo
IMG1561_t129.jpg,129,0,meerkat,691,73,726,119,train,motion_plus_anchor_pseudo
IMG1561_t129.jpg,129,0,meerkat,833,256,863,292,train,motion_plus_anchor_pseudo
IMG1561_t130.jpg,130,0,meerkat,425,324,469,408,val,motion_plus_anchor_pseudo
IMG1561_t130.jpg,130,0,meerkat,688,65,729,120,val,motion_plus_anchor_pseudo
IMG1561_t130.jpg,130,0,meerkat,845,246,889,294,val,motion_plus_anchor_pseudo
IMG1561_t131.jpg,131,0,meerkat,423,324,468,414,train,motion_plus_anchor_pseudo
IMG1561_t131.jpg,131,0,meerkat,688,67,727,113,train,motion_plus_anchor_pseudo
IMG1561_t131.jpg,131,0,meerkat,851,239,878,292,train,motion_plus_anchor_pseudo
IMG1561_t132.jpg,132,0,meerkat,426,326,467,389,train,motion_plus_anchor_pseudo
IMG1561_t132.jpg,132,0,meerkat,688,67,728,113,train,motion_plus_anchor_pseudo
IMG1561_t132.jpg,132,0,meerkat,849,234,875,293,train,motion_plus_anchor_pseudo
IMG1561_t133.jpg,133,0,meerkat,675,95,725,195,train,motion_plus_anchor_pseudo
IMG1561_t133.jpg,133,0,meerkat,426,330,466,389,train,motion_plus_anchor_pseudo
IMG1561_t134.jpg,134,0,meerkat,818,251,874,309,train,motion_plus_anchor_pseudo
IMG1561_t134.jpg,134,0,meerkat,426,335,463,383,train,motion_plus_anchor_pseudo
IMG1561_t134.jpg,134,0,meerkat,688,78,727,113,train,motion_plus_anchor_pseudo
IMG1561_t135.jpg,135,0,meerkat,675,95,725,195,val,motion_plus_anchor_pseudo
IMG1561_t135.jpg,135,0,meerkat,426,340,463,387,val,motion_plus_anchor_pseudo
IMG1561_t136.jpg,136,0,meerkat,815,209,884,314,train,motion_plus_anchor_pseudo
IMG1561_t136.jpg,136,0,meerkat,310,647,384,720,train,motion_plus_anchor_pseudo
IMG1561_t136.jpg,136,0,meerkat,675,95,725,195,train,motion_plus_anchor_pseudo
IMG1561_t136.jpg,136,0,meerkat,425,329,463,388,train,motion_plus_anchor_pseudo
IMG1561_t137.jpg,137,0,meerkat,225,641,322,720,train,motion_plus_anchor_pseudo
IMG1561_t137.jpg,137,0,meerkat,675,95,725,195,train,motion_plus_anchor_pseudo
IMG1561_t137.jpg,137,0,meerkat,823,232,877,307,train,motion_plus_anchor_pseudo
IMG1561_t137.jpg,137,0,meerkat,425,329,460,383,train,motion_plus_anchor_pseudo
IMG1561_t138.jpg,138,0,meerkat,235,672,341,720,train,motion_plus_anchor_pseudo
IMG1561_t138.jpg,138,0,meerkat,675,95,725,195,train,motion_plus_anchor_pseudo
IMG1561_t139.jpg,139,0,meerkat,235,659,349,720,train,motion_plus_anchor_pseudo
IMG1561_t139.jpg,139,0,meerkat,675,95,725,195,train,motion_plus_anchor_pseudo
IMG1561_t140.jpg,140,0,meerkat,237,655,338,720,val,motion_plus_anchor_pseudo
IMG1561_t140.jpg,140,0,meerkat,675,95,725,195,val,motion_plus_anchor_pseudo
IMG1561_t141.jpg,141,0,meerkat,237,644,341,720,train,motion_plus_anchor_pseudo
IMG1561_t141.jpg,141,0,meerkat,675,95,725,195,train,motion_plus_anchor_pseudo
IMG1561_t142.jpg,142,0,meerkat,222,649,387,720,train,motion_plus_anchor_pseudo
IMG1561_t142.jpg,142,0,meerkat,675,95,725,195,train,motion_plus_anchor_pseudo
IMG1561_t143.jpg,143,0,meerkat,234,644,338,720,train,motion_plus_anchor_pseudo
IMG1561_t143.jpg,143,0,meerkat,675,95,725,195,train,motion_plus_anchor_pseudo
IMG1561_t144.jpg,144,0,meerkat,248,619,355,720,train,motion_plus_anchor_pseudo
IMG1561_t144.jpg,144,0,meerkat,675,95,725,195,train,motion_plus_anchor_pseudo
IMG1561_t145.jpg,145,0,meerkat,675,95,725,195,val,motion_plus_anchor_pseudo
IMG1561_t145.jpg,145,0,meerkat,69,584,132,662,val,motion_plus_anchor_pseudo
IMG1561_t145.jpg,145,0,meerkat,486,462,523,499,val,motion_plus_anchor_pseudo
IMG1561_t146.jpg,146,0,meerkat,675,95,725,195,train,motion_plus_anchor_pseudo
IMG1561_t146.jpg,146,0,meerkat,548,284,577,320,train,motion_plus_anchor_pseudo
IMG1561_t147.jpg,147,0,meerkat,675,95,725,195,train,motion_plus_anchor_pseudo
IMG1561_t147.jpg,147,0,meerkat,467,291,500,335,train,motion_plus_anchor_pseudo
IMG1561_t148.jpg,148,0,meerkat,675,95,725,195,train,motion_plus_anchor_pseudo
IMG1561_t149.jpg,149,0,meerkat,675,95,725,195,train,motion_plus_anchor_pseudo
IMG1561_t149.jpg,149,0,meerkat,583,463,646,504,train,motion_plus_anchor_pseudo
IMG1561_t150.jpg,150,0,meerkat,675,95,725,195,val,motion_plus_anchor_pseudo
IMG1561_t150.jpg,150,0,meerkat,564,281,594,335,val,motion_plus_anchor_pseudo
IMG1561_t160.jpg,160,0,meerkat,541,163,598,194,val,motion_plus_anchor_pseudo
IMG1561_t163.jpg,163,0,meerkat,713,94,740,137,train,motion_plus_anchor_pseudo
IMG1561_t164.jpg,164,0,meerkat,1010,596,1047,672,train,motion_plus_anchor_pseudo
IMG1561_t164.jpg,164,0,meerkat,713,85,741,138,train,motion_plus_anchor_pseudo
IMG1561_t165.jpg,165,0,meerkat,95,270,137,305,val,motion_plus_anchor_pseudo
IMG1561_t165.jpg,165,0,meerkat,714,86,740,138,val,motion_plus_anchor_pseudo
IMG1561_t166.jpg,166,0,meerkat,571,573,694,663,train,motion_plus_anchor_pseudo
IMG1561_t166.jpg,166,0,meerkat,994,409,1024,444,train,motion_plus_anchor_pseudo
IMG1561_t167.jpg,167,0,meerkat,566,481,663,562,train,motion_plus_anchor_pseudo
IMG1561_t168.jpg,168,0,meerkat,641,429,690,530,train,motion_plus_anchor_pseudo
IMG1561_t169.jpg,169,0,meerkat,667,395,728,461,train,motion_plus_anchor_pseudo
IMG1561_t170.jpg,170,0,meerkat,701,370,764,438,val,motion_plus_anchor_pseudo
IMG1561_t171.jpg,171,0,meerkat,731,323,783,438,train,motion_plus_anchor_pseudo
IMG1561_t172.jpg,172,0,meerkat,753,309,799,356,train,motion_plus_anchor_pseudo
IMG1561_t172.jpg,172,0,meerkat,947,236,990,264,train,motion_plus_anchor_pseudo
IMG1561_t173.jpg,173,0,meerkat,754,300,803,365,train,motion_plus_anchor_pseudo
IMG1561_t174.jpg,174,0,meerkat,754,302,802,366,train,motion_plus_anchor_pseudo
IMG1561_t175.jpg,175,0,meerkat,755,299,805,366,val,motion_plus_anchor_pseudo
IMG1561_t176.jpg,176,0,meerkat,791,295,827,326,train,motion_plus_anchor_pseudo
IMG1561_t177.jpg,177,0,meerkat,804,282,833,324,train,motion_plus_anchor_pseudo
IMG1561_t179.jpg,179,0,meerkat,823,255,866,289,train,motion_plus_anchor_pseudo
IMG1561_t180.jpg,180,0,meerkat,826,252,869,289,val,motion_plus_anchor_pseudo
IMG1561_t183.jpg,183,0,meerkat,920,221,951,264,train,motion_plus_anchor_pseudo
IMG1561_t194.jpg,194,0,meerkat,555,363,613,431,train,motion_plus_anchor_pseudo
IMG1561_t195.jpg,195,0,meerkat,562,307,620,425,val,motion_plus_anchor_pseudo
IMG1561_t196.jpg,196,0,meerkat,563,363,642,432,train,motion_plus_anchor_pseudo
IMG1561_t200.jpg,200,0,meerkat,967,173,991,230,val,motion_plus_anchor_pseudo
IMG1561_t205.jpg,205,0,meerkat,717,107,743,161,val,motion_plus_anchor_pseudo
IMG1561_t206.jpg,206,0,meerkat,946,165,987,249,train,motion_plus_anchor_pseudo
IMG1561_t206.jpg,206,0,meerkat,66,626,109,662,train,motion_plus_anchor_pseudo
IMG1561_t207.jpg,207,0,meerkat,948,166,985,234,train,motion_plus_anchor_pseudo
IMG1561_t208.jpg,208,0,meerkat,950,167,979,233,train,motion_plus_anchor_pseudo
IMG1561_t222.jpg,222,0,meerkat,993,228,1026,263,train,motion_plus_anchor_pseudo
IMG1561_t247.jpg,247,0,meerkat,843,77,882,103,train,motion_plus_anchor_pseudo
IMG1561_t248.jpg,248,0,meerkat,660,277,702,308,train,motion_plus_anchor_pseudo
IMG1561_t253.jpg,253,0,meerkat,437,273,475,322,train,motion_plus_anchor_pseudo
IMG1561_t254.jpg,254,0,meerkat,382,164,446,208,train,motion_plus_anchor_pseudo
IMG1561_t254.jpg,254,0,meerkat,437,269,467,307,train,motion_plus_anchor_pseudo
IMG1561_t255.jpg,255,0,meerkat,444,266,482,304,val,motion_plus_anchor_pseudo
IMG1561_t256.jpg,256,0,meerkat,459,272,494,305,train,motion_plus_anchor_pseudo
IMG1561_t257.jpg,257,0,meerkat,66,587,133,665,train,motion_plus_anchor_pseudo
IMG1561_t259.jpg,259,0,meerkat,473,277,535,323,train,motion_plus_anchor_pseudo
IMG1561_t260.jpg,260,0,meerkat,477,280,510,314,val,motion_plus_anchor_pseudo
IMG1561_t261.jpg,261,0,meerkat,476,282,520,320,train,motion_plus_anchor_pseudo
IMG1561_t263.jpg,263,0,meerkat,498,281,539,337,train,motion_plus_anchor_pseudo
IMG1561_t264.jpg,264,0,meerkat,501,283,540,328,train,motion_plus_anchor_pseudo
IMG1561_t268.jpg,268,0,meerkat,439,303,492,345,train,motion_plus_anchor_pseudo
IMG1561_t270.jpg,270,0,meerkat,503,228,547,292,val,motion_plus_anchor_pseudo
IMG1561_t275.jpg,275,0,meerkat,472,375,512,422,val,motion_plus_anchor_pseudo
IMG1561_t276.jpg,276,0,meerkat,473,370,523,424,train,motion_plus_anchor_pseudo
IMG1561_t277.jpg,277,0,meerkat,471,371,523,424,train,motion_plus_anchor_pseudo
IMG1561_t278.jpg,278,0,meerkat,489,400,543,439,train,motion_plus_anchor_pseudo
IMG1561_t279.jpg,279,0,meerkat,484,394,547,441,train,motion_plus_anchor_pseudo
IMG1561_t280.jpg,280,0,meerkat,504,399,542,438,val,motion_plus_anchor_pseudo
IMG1561_t281.jpg,281,0,meerkat,211,291,257,335,train,motion_plus_anchor_pseudo
IMG1561_t281.jpg,281,0,meerkat,504,401,543,436,train,motion_plus_anchor_pseudo
IMG1561_t282.jpg,282,0,meerkat,476,391,551,446,train,motion_plus_anchor_pseudo
IMG1561_t282.jpg,282,0,meerkat,211,292,248,330,train,motion_plus_anchor_pseudo
IMG1561_t283.jpg,283,0,meerkat,210,301,247,330,train,motion_plus_anchor_pseudo
IMG1561_t289.jpg,289,0,meerkat,238,362,266,410,train,motion_plus_anchor_pseudo
IMG1561_t290.jpg,290,0,meerkat,233,369,272,425,val,motion_plus_anchor_pseudo
IMG1561_t300.jpg,300,0,meerkat,237,360,314,404,val,motion_plus_anchor_pseudo
IMG1561_t302.jpg,302,0,meerkat,383,325,421,363,train,motion_plus_anchor_pseudo
IMG1561_t304.jpg,304,0,meerkat,345,652,445,720,train,motion_plus_anchor_pseudo
IMG1561_t305.jpg,305,0,meerkat,560,577,675,664,val,motion_plus_anchor_pseudo
IMG1561_t305.jpg,305,0,meerkat,408,298,439,331,val,motion_plus_anchor_pseudo
IMG1561_t306.jpg,306,0,meerkat,614,662,675,720,train,motion_plus_anchor_pseudo
IMG1561_t306.jpg,306,0,meerkat,698,608,753,644,train,motion_plus_anchor_pseudo
IMG1561_t306.jpg,306,0,meerkat,382,287,416,317,train,motion_plus_anchor_pseudo
IMG1561_t309.jpg,309,0,meerkat,706,688,758,720,train,motion_plus_anchor_pseudo
IMG1561_t309.jpg,309,0,meerkat,479,262,516,292,train,motion_plus_anchor_pseudo
IMG1561_t310.jpg,310,0,meerkat,700,547,789,632,val,motion_plus_anchor_pseudo
IMG1561_t311.jpg,311,0,meerkat,787,472,823,524,train,motion_plus_anchor_pseudo
IMG1561_t313.jpg,313,0,meerkat,766,468,814,499,train,motion_plus_anchor_pseudo
IMG1561_t314.jpg,314,0,meerkat,736,486,793,540,train,motion_plus_anchor_pseudo
IMG1561_t315.jpg,315,0,meerkat,445,300,530,430,val,motion_plus_anchor_pseudo
IMG1561_t315.jpg,315,0,meerkat,612,467,668,512,val,motion_plus_anchor_pseudo
IMG1561_t316.jpg,316,0,meerkat,445,300,530,430,train,motion_plus_anchor_pseudo
IMG1561_t317.jpg,317,0,meerkat,445,300,530,430,train,motion_plus_anchor_pseudo
IMG1561_t318.jpg,318,0,meerkat,445,300,530,430,train,motion_plus_anchor_pseudo
IMG1561_t319.jpg,319,0,meerkat,445,300,530,430,train,motion_plus_anchor_pseudo
IMG1561_t320.jpg,320,0,meerkat,445,300,530,430,val,motion_plus_anchor_pseudo
IMG1561_t321.jpg,321,0,meerkat,445,300,530,430,train,motion_plus_anchor_pseudo
IMG1561_t322.jpg,322,0,meerkat,445,300,530,430,train,motion_plus_anchor_pseudo
IMG1561_t323.jpg,323,0,meerkat,445,300,530,430,train,motion_plus_anchor_pseudo
IMG1561_t324.jpg,324,0,meerkat,445,300,530,430,train,motion_plus_anchor_pseudo
IMG1561_t325.jpg,325,0,meerkat,445,300,530,430,val,motion_plus_anchor_pseudo
IMG1561_t325.jpg,325,0,meerkat,522,271,552,313,val,motion_plus_anchor_pseudo
IMG1561_t326.jpg,326,0,meerkat,445,300,530,430,train,motion_plus_anchor_pseudo
IMG1561_t327.jpg,327,0,meerkat,445,300,530,430,train,motion_plus_anchor_pseudo
IMG1561_t327.jpg,327,0,meerkat,463,232,518,279,train,motion_plus_anchor_pseudo
IMG1561_t328.jpg,328,0,meerkat,445,300,530,430,train,motion_plus_anchor_pseudo
IMG1561_t329.jpg,329,0,meerkat,445,300,530,430,train,motion_plus_anchor_pseudo
IMG1561_t330.jpg,330,0,meerkat,445,300,530,430,val,motion_plus_anchor_pseudo
IMG1561_t330.jpg,330,0,meerkat,615,456,649,492,val,motion_plus_anchor_pseudo
IMG1561_t331.jpg,331,0,meerkat,445,300,530,430,train,motion_plus_anchor_pseudo
IMG1561_t332.jpg,332,0,meerkat,445,300,530,430,train,motion_plus_anchor_pseudo
IMG1561_t332.jpg,332,0,meerkat,211,486,270,530,train,motion_plus_anchor_pseudo
IMG1561_t333.jpg,333,0,meerkat,445,300,530,430,train,motion_plus_anchor_pseudo
IMG1561_t334.jpg,334,0,meerkat,445,300,530,430,train,motion_plus_anchor_pseudo
IMG1561_t335.jpg,335,0,meerkat,445,300,530,430,val,motion_plus_anchor_pseudo
IMG1561_t336.jpg,336,0,meerkat,445,300,530,430,train,motion_plus_anchor_pseudo
IMG1561_t336.jpg,336,0,meerkat,432,469,474,499,train,motion_plus_anchor_pseudo
IMG1561_t337.jpg,337,0,meerkat,445,391,497,506,train,motion_plus_anchor_pseudo
IMG1561_t337.jpg,337,0,meerkat,430,316,466,344,train,motion_plus_anchor_pseudo
IMG1561_t338.jpg,338,0,meerkat,445,300,530,430,train,motion_plus_anchor_pseudo
IMG1561_t338.jpg,338,0,meerkat,429,390,497,506,train,motion_plus_anchor_pseudo
IMG1561_t339.jpg,339,0,meerkat,453,394,483,461,train,motion_plus_anchor_pseudo
IMG1561_t340.jpg,340,0,meerkat,455,262,518,299,val,motion_plus_anchor_pseudo
IMG1561_t340.jpg,340,0,meerkat,454,395,483,464,val,motion_plus_anchor_pseudo
IMG1561_t341.jpg,341,0,meerkat,445,300,530,430,train,motion_plus_anchor_pseudo
IMG1561_t341.jpg,341,0,meerkat,448,409,493,483,train,motion_plus_anchor_pseudo
IMG1561_t342.jpg,342,0,meerkat,446,392,495,486,train,motion_plus_anchor_pseudo
IMG1561_t343.jpg,343,0,meerkat,445,300,530,430,train,motion_plus_anchor_pseudo
IMG1561_t343.jpg,343,0,meerkat,451,436,510,498,train,motion_plus_anchor_pseudo
IMG1561_t344.jpg,344,0,meerkat,445,300,530,430,train,motion_plus_anchor_pseudo
IMG1561_t345.jpg,345,0,meerkat,445,300,530,430,val,motion_plus_anchor_pseudo
IMG1561_t346.jpg,346,0,meerkat,445,300,530,430,train,motion_plus_anchor_pseudo
IMG1561_t347.jpg,347,0,meerkat,445,300,530,430,train,motion_plus_anchor_pseudo
IMG1561_t347.jpg,347,0,meerkat,600,358,670,410,train,motion_plus_anchor_pseudo
IMG1561_t348.jpg,348,0,meerkat,445,300,530,430,train,motion_plus_anchor_pseudo
IMG1561_t349.jpg,349,0,meerkat,445,300,530,430,train,motion_plus_anchor_pseudo
IMG1561_t349.jpg,349,0,meerkat,725,312,762,351,train,motion_plus_anchor_pseudo
IMG1561_t350.jpg,350,0,meerkat,445,300,530,430,val,motion_plus_anchor_pseudo
IMG1561_t350.jpg,350,0,meerkat,734,310,763,353,val,motion_plus_anchor_pseudo
IMG1561_t351.jpg,351,0,meerkat,445,300,530,430,train,motion_plus_anchor_pseudo
IMG1561_t351.jpg,351,0,meerkat,881,244,912,291,train,motion_plus_anchor_pseudo
IMG1561_t352.jpg,352,0,meerkat,445,300,530,430,train,motion_plus_anchor_pseudo
IMG1561_t353.jpg,353,0,meerkat,445,300,530,430,train,motion_plus_anchor_pseudo
IMG1561_t354.jpg,354,0,meerkat,445,300,530,430,train,motion_plus_anchor_pseudo
IMG1561_t355.jpg,355,0,meerkat,445,300,530,430,val,motion_plus_anchor_pseudo
IMG1561_t356.jpg,356,0,meerkat,445,300,530,430,train,motion_plus_anchor_pseudo
IMG1561_t357.jpg,357,0,meerkat,445,300,530,430,train,motion_plus_anchor_pseudo
IMG1561_t357.jpg,357,0,meerkat,530,261,571,315,train,motion_plus_anchor_pseudo
IMG1561_t358.jpg,358,0,meerkat,445,300,530,430,train,motion_plus_anchor_pseudo
IMG1561_t358.jpg,358,0,meerkat,523,241,554,278,train,motion_plus_anchor_pseudo
IMG1561_t359.jpg,359,0,meerkat,445,300,530,430,train,motion_plus_anchor_pseudo
IMG1561_t360.jpg,360,0,meerkat,445,300,530,430,val,motion_plus_anchor_pseudo
IMG1561_t361.jpg,361,0,meerkat,445,300,530,430,train,motion_plus_anchor_pseudo
IMG1561_t362.jpg,362,0,meerkat,445,300,530,430,train,motion_plus_anchor_pseudo
IMG1561_t363.jpg,363,0,meerkat,445,300,530,430,train,motion_plus_anchor_pseudo
IMG1561_t364.jpg,364,0,meerkat,445,300,530,430,train,motion_plus_anchor_pseudo
IMG1561_t365.jpg,365,0,meerkat,445,300,530,430,val,motion_plus_anchor_pseudo
IMG1561_t366.jpg,366,0,meerkat,445,300,530,430,train,motion_plus_anchor_pseudo
IMG1561_t366.jpg,366,0,meerkat,617,458,651,491,train,motion_plus_anchor_pseudo
IMG1561_t367.jpg,367,0,meerkat,445,300,530,430,train,motion_plus_anchor_pseudo
IMG1561_t367.jpg,367,0,meerkat,196,258,239,289,train,motion_plus_anchor_pseudo
IMG1561_t368.jpg,368,0,meerkat,445,300,530,430,train,motion_plus_anchor_pseudo
IMG1561_t368.jpg,368,0,meerkat,193,258,240,289,train,motion_plus_anchor_pseudo
IMG1561_t369.jpg,369,0,meerkat,445,300,530,430,train,motion_plus_anchor_pseudo
IMG1561_t369.jpg,369,0,meerkat,195,260,251,290,train,motion_plus_anchor_pseudo
IMG1561_t370.jpg,370,0,meerkat,445,300,530,430,val,motion_plus_anchor_pseudo
IMG1561_t370.jpg,370,0,meerkat,196,259,232,288,val,motion_plus_anchor_pseudo
IMG1561_t371.jpg,371,0,meerkat,445,300,530,430,train,motion_plus_anchor_pseudo
IMG1561_t371.jpg,371,0,meerkat,195,253,233,288,train,motion_plus_anchor_pseudo
IMG1561_t372.jpg,372,0,meerkat,445,300,530,430,train,motion_plus_anchor_pseudo
IMG1561_t373.jpg,373,0,meerkat,445,300,530,430,train,motion_plus_anchor_pseudo
IMG1561_t373.jpg,373,0,meerkat,608,415,662,499,train,motion_plus_anchor_pseudo
IMG1561_t374.jpg,374,0,meerkat,445,300,530,430,train,motion_plus_anchor_pseudo
IMG1561_t374.jpg,374,0,meerkat,206,238,237,274,train,motion_plus_anchor_pseudo
IMG1561_t374.jpg,374,0,meerkat,559,382,590,416,train,motion_plus_anchor_pseudo
IMG1561_t375.jpg,375,0,meerkat,445,300,530,430,val,motion_plus_anchor_pseudo
IMG1561_t376.jpg,376,0,meerkat,445,300,530,430,train,motion_plus_anchor_pseudo
IMG1561_t377.jpg,377,0,meerkat,445,300,530,430,train,motion_plus_anchor_pseudo
IMG1561_t377.jpg,377,0,meerkat,202,223,239,279,train,motion_plus_anchor_pseudo
IMG1561_t378.jpg,378,0,meerkat,497,372,531,419,train,motion_plus_anchor_pseudo
IMG1561_t379.jpg,379,0,meerkat,500,363,537,420,train,motion_plus_anchor_pseudo
IMG1561_t380.jpg,380,0,meerkat,503,373,534,418,val,motion_plus_anchor_pseudo
IMG1561_t384.jpg,384,0,meerkat,222,249,281,287,train,motion_plus_anchor_pseudo
IMG1561_t391.jpg,391,0,meerkat,619,458,650,490,train,motion_plus_anchor_pseudo
IMG1561_t428.jpg,428,0,meerkat,498,294,550,419,train,motion_plus_anchor_pseudo
IMG1561_t429.jpg,429,0,meerkat,498,294,551,419,train,motion_plus_anchor_pseudo
IMG1561_t430.jpg,430,0,meerkat,501,301,547,397,val,motion_plus_anchor_pseudo
IMG1561_t431.jpg,431,0,meerkat,499,297,550,418,train,motion_plus_anchor_pseudo
IMG1561_t432.jpg,432,0,meerkat,503,299,549,399,train,motion_plus_anchor_pseudo
IMG1561_t433.jpg,433,0,meerkat,500,313,550,418,train,motion_plus_anchor_pseudo
IMG1561_t434.jpg,434,0,meerkat,498,304,548,418,train,motion_plus_anchor_pseudo
IMG1561_t435.jpg,435,0,meerkat,495,297,546,402,val,motion_plus_anchor_pseudo
IMG1561_t436.jpg,436,0,meerkat,508,322,540,365,train,motion_plus_anchor_pseudo
IMG1561_t438.jpg,438,0,meerkat,729,78,760,133,train,motion_plus_anchor_pseudo
IMG1561_t439.jpg,439,0,meerkat,496,305,540,389,train,motion_plus_anchor_pseudo
IMG1561_t439.jpg,439,0,meerkat,728,78,761,134,train,motion_plus_anchor_pseudo
IMG1561_t440.jpg,440,0,meerkat,493,324,528,383,val,motion_plus_anchor_pseudo
IMG1561_t440.jpg,440,0,meerkat,729,78,762,134,val,motion_plus_anchor_pseudo
IMG1561_t441.jpg,441,0,meerkat,490,310,532,394,train,motion_plus_anchor_pseudo
IMG1561_t441.jpg,441,0,meerkat,729,78,762,134,train,motion_plus_anchor_pseudo
IMG1561_t442.jpg,442,0,meerkat,494,325,527,368,train,motion_plus_anchor_pseudo
IMG1561_t443.jpg,443,0,meerkat,489,311,526,376,train,motion_plus_anchor_pseudo
IMG1561_t444.jpg,444,0,meerkat,487,310,527,384,train,motion_plus_anchor_pseudo
IMG1561_t445.jpg,445,0,meerkat,489,324,526,382,val,motion_plus_anchor_pseudo
IMG1561_t446.jpg,446,0,meerkat,490,325,526,382,train,motion_plus_anchor_pseudo
IMG1561_t447.jpg,447,0,meerkat,488,326,526,383,train,motion_plus_anchor_pseudo
IMG1561_t464.jpg,464,0,meerkat,208,680,243,710,train,motion_plus_anchor_pseudo
IMG1561_t470.jpg,470,0,meerkat,331,606,465,702,val,motion_plus_anchor_pseudo
IMG1561_t470.jpg,470,0,meerkat,865,310,935,470,val,motion_plus_anchor_pseudo
IMG1561_t470.jpg,470,0,meerkat,600,105,660,235,val,motion_plus_anchor_pseudo
IMG1561_t471.jpg,471,0,meerkat,865,310,935,470,train,motion_plus_anchor_pseudo
IMG1561_t471.jpg,471,0,meerkat,324,612,424,691,train,motion_plus_anchor_pseudo
IMG1561_t471.jpg,471,0,meerkat,600,105,660,235,train,motion_plus_anchor_pseudo
IMG1561_t472.jpg,472,0,meerkat,865,310,935,470,train,motion_plus_anchor_pseudo
IMG1561_t472.jpg,472,0,meerkat,325,601,444,679,train,motion_plus_anchor_pseudo
IMG1561_t472.jpg,472,0,meerkat,600,105,660,235,train,motion_plus_anchor_pseudo
IMG1561_t473.jpg,473,0,meerkat,369,486,489,616,train,motion_plus_anchor_pseudo
IMG1561_t473.jpg,473,0,meerkat,865,310,935,470,train,motion_plus_anchor_pseudo
IMG1561_t473.jpg,473,0,meerkat,600,105,660,235,train,motion_plus_anchor_pseudo
IMG1561_t474.jpg,474,0,meerkat,865,310,935,470,train,motion_plus_anchor_pseudo
IMG1561_t474.jpg,474,0,meerkat,600,105,660,235,train,motion_plus_anchor_pseudo
IMG1561_t474.jpg,474,0,meerkat,507,518,563,550,train,motion_plus_anchor_pseudo
IMG1561_t474.jpg,474,0,meerkat,411,560,455,594,train,motion_plus_anchor_pseudo
IMG1561_t475.jpg,475,0,meerkat,865,310,935,470,val,motion_plus_anchor_pseudo
IMG1561_t475.jpg,475,0,meerkat,600,105,660,235,val,motion_plus_anchor_pseudo
IMG1561_t476.jpg,476,0,meerkat,865,310,935,470,train,motion_plus_anchor_pseudo
IMG1561_t476.jpg,476,0,meerkat,634,543,753,622,train,motion_plus_anchor_pseudo
IMG1561_t476.jpg,476,0,meerkat,600,105,660,235,train,motion_plus_anchor_pseudo
IMG1561_t477.jpg,477,0,meerkat,865,310,935,470,train,motion_plus_anchor_pseudo
IMG1561_t477.jpg,477,0,meerkat,600,105,660,235,train,motion_plus_anchor_pseudo
IMG1561_t477.jpg,477,0,meerkat,626,634,711,720,train,motion_plus_anchor_pseudo
IMG1561_t477.jpg,477,0,meerkat,725,589,782,628,train,motion_plus_anchor_pseudo
IMG1561_t478.jpg,478,0,meerkat,865,310,935,470,train,motion_plus_anchor_pseudo
IMG1561_t478.jpg,478,0,meerkat,600,105,660,235,train,motion_plus_anchor_pseudo
IMG1561_t478.jpg,478,0,meerkat,756,638,844,699,train,motion_plus_anchor_pseudo
IMG1561_t478.jpg,478,0,meerkat,672,677,734,720,train,motion_plus_anchor_pseudo
IMG1561_t479.jpg,479,0,meerkat,865,310,935,470,train,motion_plus_anchor_pseudo
IMG1561_t479.jpg,479,0,meerkat,600,105,660,235,train,motion_plus_anchor_pseudo
IMG1561_t479.jpg,479,0,meerkat,695,659,816,720,train,motion_plus_anchor_pseudo
IMG1561_t479.jpg,479,0,meerkat,835,369,882,488,train,motion_plus_anchor_pseudo
IMG1561_t480.jpg,480,0,meerkat,865,310,935,470,val,motion_plus_anchor_pseudo
IMG1561_t480.jpg,480,0,meerkat,600,105,660,235,val,motion_plus_anchor_pseudo
IMG1561_t480.jpg,480,0,meerkat,805,401,833,440,val,motion_plus_anchor_pseudo
IMG1561_t481.jpg,481,0,meerkat,865,310,935,470,train,motion_plus_anchor_pseudo
IMG1561_t481.jpg,481,0,meerkat,600,105,660,235,train,motion_plus_anchor_pseudo
IMG1561_t482.jpg,482,0,meerkat,600,105,660,235,train,motion_plus_anchor_pseudo
IMG1561_t482.jpg,482,0,meerkat,905,317,947,380,train,motion_plus_anchor_pseudo
IMG1561_t483.jpg,483,0,meerkat,600,105,660,235,train,motion_plus_anchor_pseudo
IMG1561_t483.jpg,483,0,meerkat,901,317,942,379,train,motion_plus_anchor_pseudo
IMG1561_t484.jpg,484,0,meerkat,600,105,660,235,train,motion_plus_anchor_pseudo
IMG1561_t484.jpg,484,0,meerkat,885,316,945,417,train,motion_plus_anchor_pseudo
IMG1561_t485.jpg,485,0,meerkat,600,105,660,235,val,motion_plus_anchor_pseudo
IMG1561_t485.jpg,485,0,meerkat,878,317,942,416,val,motion_plus_anchor_pseudo
IMG1561_t486.jpg,486,0,meerkat,600,105,660,235,train,motion_plus_anchor_pseudo
IMG1561_t486.jpg,486,0,meerkat,893,325,937,400,train,motion_plus_anchor_pseudo
IMG1561_t487.jpg,487,0,meerkat,600,105,660,235,train,motion_plus_anchor_pseudo
IMG1561_t487.jpg,487,0,meerkat,878,316,937,416,train,motion_plus_anchor_pseudo
IMG1561_t488.jpg,488,0,meerkat,600,105,660,235,train,motion_plus_anchor_pseudo
IMG1561_t488.jpg,488,0,meerkat,883,322,935,410,train,motion_plus_anchor_pseudo
IMG1561_t489.jpg,489,0,meerkat,600,105,660,235,train,motion_plus_anchor_pseudo
IMG1561_t489.jpg,489,0,meerkat,883,321,935,412,train,motion_plus_anchor_pseudo
IMG1561_t490.jpg,490,0,meerkat,600,105,660,235,val,motion_plus_anchor_pseudo
IMG1561_t490.jpg,490,0,meerkat,895,321,937,394,val,motion_plus_anchor_pseudo
IMG1561_t491.jpg,491,0,meerkat,600,105,660,235,train,motion_plus_anchor_pseudo
IMG1561_t491.jpg,491,0,meerkat,885,320,939,417,train,motion_plus_anchor_pseudo
IMG1561_t492.jpg,492,0,meerkat,600,105,660,235,train,motion_plus_anchor_pseudo
IMG1561_t492.jpg,492,0,meerkat,895,322,935,400,train,motion_plus_anchor_pseudo
IMG1561_t493.jpg,493,0,meerkat,600,105,660,235,train,motion_plus_anchor_pseudo
IMG1561_t493.jpg,493,0,meerkat,895,320,935,399,train,motion_plus_anchor_pseudo
IMG1561_t494.jpg,494,0,meerkat,600,105,660,235,train,motion_plus_anchor_pseudo
IMG1561_t494.jpg,494,0,meerkat,896,323,936,399,train,motion_plus_anchor_pseudo
IMG1561_t495.jpg,495,0,meerkat,600,105,660,235,val,motion_plus_anchor_pseudo
IMG1561_t495.jpg,495,0,meerkat,209,664,257,711,val,motion_plus_anchor_pseudo
IMG1561_t495.jpg,495,0,meerkat,898,322,936,378,val,motion_plus_anchor_pseudo
IMG1561_t496.jpg,496,0,meerkat,600,105,660,235,train,motion_plus_anchor_pseudo
IMG1561_t496.jpg,496,0,meerkat,898,321,936,378,train,motion_plus_anchor_pseudo
IMG1561_t497.jpg,497,0,meerkat,600,105,660,235,train,motion_plus_anchor_pseudo
IMG1561_t497.jpg,497,0,meerkat,907,323,936,378,train,motion_plus_anchor_pseudo
IMG1561_t498.jpg,498,0,meerkat,600,105,660,235,train,motion_plus_anchor_pseudo
IMG1561_t498.jpg,498,0,meerkat,907,329,934,376,train,motion_plus_anchor_pseudo
IMG1561_t499.jpg,499,0,meerkat,600,105,660,235,train,motion_plus_anchor_pseudo
IMG1561_t499.jpg,499,0,meerkat,901,335,933,391,train,motion_plus_anchor_pseudo
IMG1561_t500.jpg,500,0,meerkat,865,310,935,470,val,motion_plus_anchor_pseudo
IMG1561_t500.jpg,500,0,meerkat,600,105,660,235,val,motion_plus_anchor_pseudo
IMG1561_t501.jpg,501,0,meerkat,865,310,935,470,train,motion_plus_anchor_pseudo
IMG1561_t501.jpg,501,0,meerkat,600,105,660,235,train,motion_plus_anchor_pseudo
IMG1561_t502.jpg,502,0,meerkat,865,310,935,470,train,motion_plus_anchor_pseudo
IMG1561_t502.jpg,502,0,meerkat,600,105,660,235,train,motion_plus_anchor_pseudo
IMG1561_t503.jpg,503,0,meerkat,865,310,935,470,train,motion_plus_anchor_pseudo
IMG1561_t503.jpg,503,0,meerkat,600,105,660,235,train,motion_plus_anchor_pseudo
IMG1561_t503.jpg,503,0,meerkat,82,268,148,307,train,motion_plus_anchor_pseudo
IMG1561_t504.jpg,504,0,meerkat,865,310,935,470,train,motion_plus_anchor_pseudo
IMG1561_t504.jpg,504,0,meerkat,600,105,660,235,train,motion_plus_anchor_pseudo
IMG1561_t505.jpg,505,0,meerkat,865,310,935,470,val,motion_plus_anchor_pseudo
IMG1561_t505.jpg,505,0,meerkat,600,105,660,235,val,motion_plus_anchor_pseudo
IMG1561_t506.jpg,506,0,meerkat,865,310,935,470,train,motion_plus_anchor_pseudo
IMG1561_t506.jpg,506,0,meerkat,600,105,660,235,train,motion_plus_anchor_pseudo
IMG1561_t507.jpg,507,0,meerkat,865,310,935,470,train,motion_plus_anchor_pseudo
IMG1561_t507.jpg,507,0,meerkat,600,105,660,235,train,motion_plus_anchor_pseudo
IMG1561_t508.jpg,508,0,meerkat,865,310,935,470,train,motion_plus_anchor_pseudo
IMG1561_t508.jpg,508,0,meerkat,600,105,660,235,train,motion_plus_anchor_pseudo
IMG1561_t509.jpg,509,0,meerkat,865,310,935,470,train,motion_plus_anchor_pseudo
IMG1561_t509.jpg,509,0,meerkat,600,105,660,235,train,motion_plus_anchor_pseudo
IMG1561_t510.jpg,510,0,meerkat,865,310,935,470,val,motion_plus_anchor_pseudo
IMG1561_t510.jpg,510,0,meerkat,600,105,660,235,val,motion_plus_anchor_pseudo
IMG1561_t511.jpg,511,0,meerkat,865,310,935,470,train,motion_plus_anchor_pseudo
IMG1561_t511.jpg,511,0,meerkat,600,105,660,235,train,motion_plus_anchor_pseudo
IMG1561_t512.jpg,512,0,meerkat,865,310,935,470,train,motion_plus_anchor_pseudo
IMG1561_t512.jpg,512,0,meerkat,600,105,660,235,train,motion_plus_anchor_pseudo
IMG1561_t513.jpg,513,0,meerkat,865,310,935,470,train,motion_plus_anchor_pseudo
IMG1561_t513.jpg,513,0,meerkat,600,105,660,235,train,motion_plus_anchor_pseudo
IMG1561_t514.jpg,514,0,meerkat,865,310,935,470,train,motion_plus_anchor_pseudo
IMG1561_t514.jpg,514,0,meerkat,600,105,660,235,train,motion_plus_anchor_pseudo
IMG1561_t515.jpg,515,0,meerkat,865,310,935,470,val,motion_plus_anchor_pseudo
IMG1561_t515.jpg,515,0,meerkat,600,105,660,235,val,motion_plus_anchor_pseudo
IMG1561_t516.jpg,516,0,meerkat,865,310,935,470,train,motion_plus_anchor_pseudo
IMG1561_t516.jpg,516,0,meerkat,600,105,660,235,train,motion_plus_anchor_pseudo
IMG1561_t517.jpg,517,0,meerkat,865,310,935,470,train,motion_plus_anchor_pseudo
IMG1561_t517.jpg,517,0,meerkat,600,105,660,235,train,motion_plus_anchor_pseudo
IMG1561_t518.jpg,518,0,meerkat,865,310,935,470,train,motion_plus_anchor_pseudo
IMG1561_t518.jpg,518,0,meerkat,600,105,660,235,train,motion_plus_anchor_pseudo
IMG1561_t519.jpg,519,0,meerkat,865,310,935,470,train,motion_plus_anchor_pseudo
IMG1561_t519.jpg,519,0,meerkat,600,105,660,235,train,motion_plus_anchor_pseudo
IMG1561_t520.jpg,520,0,meerkat,865,310,935,470,val,motion_plus_anchor_pseudo
IMG1561_t520.jpg,520,0,meerkat,600,105,660,235,val,motion_plus_anchor_pseudo
IMG1561_t521.jpg,521,0,meerkat,865,310,935,470,train,motion_plus_anchor_pseudo
IMG1561_t521.jpg,521,0,meerkat,600,105,660,235,train,motion_plus_anchor_pseudo
IMG1561_t522.jpg,522,0,meerkat,865,310,935,470,train,motion_plus_anchor_pseudo
IMG1561_t522.jpg,522,0,meerkat,600,105,660,235,train,motion_plus_anchor_pseudo
IMG1561_t523.jpg,523,0,meerkat,865,310,935,470,train,motion_plus_anchor_pseudo
IMG1561_t523.jpg,523,0,meerkat,600,105,660,235,train,motion_plus_anchor_pseudo
IMG1561_t524.jpg,524,0,meerkat,865,310,935,470,train,motion_plus_anchor_pseudo
IMG1561_t524.jpg,524,0,meerkat,600,105,660,235,train,motion_plus_anchor_pseudo
IMG1561_t525.jpg,525,0,meerkat,865,310,935,470,val,motion_plus_anchor_pseudo
IMG1561_t525.jpg,525,0,meerkat,600,105,660,235,val,motion_plus_anchor_pseudo
IMG1561_t526.jpg,526,0,meerkat,865,310,935,470,train,motion_plus_anchor_pseudo
IMG1561_t526.jpg,526,0,meerkat,600,105,660,235,train,motion_plus_anchor_pseudo
IMG1561_t526.jpg,526,0,meerkat,924,340,963,389,train,motion_plus_anchor_pseudo
IMG1561_t527.jpg,527,0,meerkat,865,310,935,470,train,motion_plus_anchor_pseudo
IMG1561_t527.jpg,527,0,meerkat,600,105,660,235,train,motion_plus_anchor_pseudo
IMG1561_t528.jpg,528,0,meerkat,865,310,935,470,train,motion_plus_anchor_pseudo
IMG1561_t528.jpg,528,0,meerkat,600,105,660,235,train,motion_plus_anchor_pseudo
IMG1561_t529.jpg,529,0,meerkat,865,310,935,470,train,motion_plus_anchor_pseudo
IMG1561_t529.jpg,529,0,meerkat,600,105,660,235,train,motion_plus_anchor_pseudo
IMG1561_t530.jpg,530,0,meerkat,865,310,935,470,val,motion_plus_anchor_pseudo
IMG1561_t530.jpg,530,0,meerkat,600,105,660,235,val,motion_plus_anchor_pseudo
