image,split,source,time_sec,detections
IMG1561_t001.jpg,train,original_IMG1561_dataset,,2
IMG1561_t002.jpg,train,original_IMG1561_dataset,,2
IMG1561_t003.jpg,train,original_IMG1561_dataset,,2
IMG1561_t004.jpg,train,original_IMG1561_dataset,,2
IMG1561_t006.jpg,train,original_IMG1561_dataset,,2
IMG1561_t007.jpg,train,original_IMG1561_dataset,,3
IMG1561_t008.jpg,train,original_IMG1561_dataset,,2
IMG1561_t009.jpg,train,original_IMG1561_dataset,,2
IMG1561_t011.jpg,train,original_IMG1561_dataset,,2
IMG1561_t012.jpg,train,original_IMG1561_dataset,,2
IMG1561_t013.jpg,train,original_IMG1561_dataset,,2
IMG1561_t014.jpg,train,original_IMG1561_dataset,,2
IMG1561_t016.jpg,train,original_IMG1561_dataset,,2
IMG1561_t017.jpg,train,original_IMG1561_dataset,,3
IMG1561_t018.jpg,train,original_IMG1561_dataset,,2
IMG1561_t019.jpg,train,original_IMG1561_dataset,,2
IMG1561_t021.jpg,train,original_IMG1561_dataset,,3
IMG1561_t022.jpg,train,original_IMG1561_dataset,,2
IMG1561_t023.jpg,train,original_IMG1561_dataset,,2
IMG1561_t024.jpg,train,original_IMG1561_dataset,,3
IMG1561_t026.jpg,train,original_IMG1561_dataset,,1
IMG1561_t027.jpg,train,original_IMG1561_dataset,,1
IMG1561_t028.jpg,train,original_IMG1561_dataset,,2
IMG1561_t029.jpg,train,original_IMG1561_dataset,,1
IMG1561_t031.jpg,train,original_IMG1561_dataset,,1
IMG1561_t032.jpg,train,original_IMG1561_dataset,,1
IMG1561_t033.jpg,train,original_IMG1561_dataset,,1
IMG1561_t034.jpg,train,original_IMG1561_dataset,,1
IMG1561_t036.jpg,train,original_IMG1561_dataset,,1
IMG1561_t037.jpg,train,original_IMG1561_dataset,,1
IMG1561_t038.jpg,train,original_IMG1561_dataset,,0
IMG1561_t039.jpg,train,original_IMG1561_dataset,,0
IMG1561_t041.jpg,train,original_IMG1561_dataset,,1
IMG1561_t042.jpg,train,original_IMG1561_dataset,,0
IMG1561_t043.jpg,train,original_IMG1561_dataset,,1
IMG1561_t044.jpg,train,original_IMG1561_dataset,,1
IMG1561_t046.jpg,train,original_IMG1561_dataset,,1
IMG1561_t047.jpg,train,original_IMG1561_dataset,,1
IMG1561_t048.jpg,train,original_IMG1561_dataset,,1
IMG1561_t049.jpg,train,original_IMG1561_dataset,,1
IMG1561_t051.jpg,train,original_IMG1561_dataset,,0
IMG1561_t052.jpg,train,original_IMG1561_dataset,,0
IMG1561_t053.jpg,train,original_IMG1561_dataset,,0
IMG1561_t054.jpg,train,original_IMG1561_dataset,,0
IMG1561_t056.jpg,train,original_IMG1561_dataset,,0
IMG1561_t057.jpg,train,original_IMG1561_dataset,,0
IMG1561_t058.jpg,train,original_IMG1561_dataset,,0
IMG1561_t059.jpg,train,original_IMG1561_dataset,,0
IMG1561_t061.jpg,train,original_IMG1561_dataset,,0
IMG1561_t062.jpg,train,original_IMG1561_dataset,,0
IMG1561_t063.jpg,train,original_IMG1561_dataset,,2
IMG1561_t064.jpg,train,original_IMG1561_dataset,,1
IMG1561_t066.jpg,train,original_IMG1561_dataset,,3
IMG1561_t067.jpg,train,original_IMG1561_dataset,,3
IMG1561_t068.jpg,train,original_IMG1561_dataset,,3
IMG1561_t069.jpg,train,original_IMG1561_dataset,,3
IMG1561_t071.jpg,train,original_IMG1561_dataset,,2
IMG1561_t072.jpg,train,original_IMG1561_dataset,,0
IMG1561_t073.jpg,train,original_IMG1561_dataset,,1
IMG1561_t074.jpg,train,original_IMG1561_dataset,,2
IMG1561_t076.jpg,train,original_IMG1561_dataset,,3
IMG1561_t077.jpg,train,original_IMG1561_dataset,,3
IMG1561_t078.jpg,train,original_IMG1561_dataset,,3
IMG1561_t079.jpg,train,original_IMG1561_dataset,,4
IMG1561_t081.jpg,train,original_IMG1561_dataset,,3
IMG1561_t082.jpg,train,original_IMG1561_dataset,,2
IMG1561_t083.jpg,train,original_IMG1561_dataset,,2
IMG1561_t084.jpg,train,original_IMG1561_dataset,,2
IMG1561_t086.jpg,train,original_IMG1561_dataset,,3
IMG1561_t087.jpg,train,original_IMG1561_dataset,,2
IMG1561_t088.jpg,train,original_IMG1561_dataset,,1
IMG1561_t089.jpg,train,original_IMG1561_dataset,,2
IMG1561_t091.jpg,train,original_IMG1561_dataset,,1
IMG1561_t092.jpg,train,original_IMG1561_dataset,,2
IMG1561_t093.jpg,train,original_IMG1561_dataset,,2
IMG1561_t094.jpg,train,original_IMG1561_dataset,,2
IMG1561_t096.jpg,train,original_IMG1561_dataset,,2
IMG1561_t097.jpg,train,original_IMG1561_dataset,,1
IMG1561_t098.jpg,train,original_IMG1561_dataset,,1
IMG1561_t099.jpg,train,original_IMG1561_dataset,,1
IMG1561_t101.jpg,train,original_IMG1561_dataset,,1
IMG1561_t102.jpg,train,original_IMG1561_dataset,,1
IMG1561_t103.jpg,train,original_IMG1561_dataset,,2
IMG1561_t104.jpg,train,original_IMG1561_dataset,,1
IMG1561_t106.jpg,train,original_IMG1561_dataset,,2
IMG1561_t107.jpg,train,original_IMG1561_dataset,,2
IMG1561_t108.jpg,train,original_IMG1561_dataset,,2
IMG1561_t109.jpg,train,original_IMG1561_dataset,,2
IMG1561_t111.jpg,train,original_IMG1561_dataset,,3
IMG1561_t112.jpg,train,original_IMG1561_dataset,,3
IMG1561_t113.jpg,train,original_IMG1561_dataset,,3
IMG1561_t114.jpg,train,original_IMG1561_dataset,,2
IMG1561_t116.jpg,train,original_IMG1561_dataset,,1
IMG1561_t117.jpg,train,original_IMG1561_dataset,,1
IMG1561_t118.jpg,train,original_IMG1561_dataset,,1
IMG1561_t119.jpg,train,original_IMG1561_dataset,,1
IMG1561_t121.jpg,train,original_IMG1561_dataset,,3
IMG1561_t122.jpg,train,original_IMG1561_dataset,,4
IMG1561_t123.jpg,train,original_IMG1561_dataset,,3
IMG1561_t124.jpg,train,original_IMG1561_dataset,,3
IMG1561_t126.jpg,train,original_IMG1561_dataset,,4
IMG1561_t127.jpg,train,original_IMG1561_dataset,,4
IMG1561_t128.jpg,train,original_IMG1561_dataset,,4
IMG1561_t129.jpg,train,original_IMG1561_dataset,,4
IMG1561_t131.jpg,train,original_IMG1561_dataset,,3
IMG1561_t132.jpg,train,original_IMG1561_dataset,,3
IMG1561_t133.jpg,train,original_IMG1561_dataset,,2
IMG1561_t134.jpg,train,original_IMG1561_dataset,,3
IMG1561_t136.jpg,train,original_IMG1561_dataset,,4
IMG1561_t137.jpg,train,original_IMG1561_dataset,,4
IMG1561_t138.jpg,train,original_IMG1561_dataset,,2
IMG1561_t139.jpg,train,original_IMG1561_dataset,,2
IMG1561_t141.jpg,train,original_IMG1561_dataset,,2
IMG1561_t142.jpg,train,original_IMG1561_dataset,,2
IMG1561_t143.jpg,train,original_IMG1561_dataset,,2
IMG1561_t144.jpg,train,original_IMG1561_dataset,,2
IMG1561_t146.jpg,train,original_IMG1561_dataset,,2
IMG1561_t147.jpg,train,original_IMG1561_dataset,,2
IMG1561_t148.jpg,train,original_IMG1561_dataset,,1
IMG1561_t149.jpg,train,original_IMG1561_dataset,,2
IMG1561_t151.jpg,train,original_IMG1561_dataset,,0
IMG1561_t152.jpg,train,original_IMG1561_dataset,,0
IMG1561_t153.jpg,train,original_IMG1561_dataset,,0
IMG1561_t154.jpg,train,original_IMG1561_dataset,,0
IMG1561_t156.jpg,train,original_IMG1561_dataset,,0
IMG1561_t157.jpg,train,original_IMG1561_dataset,,0
IMG1561_t158.jpg,train,original_IMG1561_dataset,,0
IMG1561_t159.jpg,train,original_IMG1561_dataset,,0
IMG1561_t161.jpg,train,original_IMG1561_dataset,,0
IMG1561_t162.jpg,train,original_IMG1561_dataset,,0
IMG1561_t163.jpg,train,original_IMG1561_dataset,,1
IMG1561_t164.jpg,train,original_IMG1561_dataset,,2
IMG1561_t166.jpg,train,original_IMG1561_dataset,,2
IMG1561_t167.jpg,train,original_IMG1561_dataset,,1
IMG1561_t168.jpg,train,original_IMG1561_dataset,,1
IMG1561_t169.jpg,train,original_IMG1561_dataset,,1
IMG1561_t171.jpg,train,original_IMG1561_dataset,,1
IMG1561_t172.jpg,train,original_IMG1561_dataset,,2
IMG1561_t173.jpg,train,original_IMG1561_dataset,,1
IMG1561_t174.jpg,train,original_IMG1561_dataset,,1
IMG1561_t176.jpg,train,original_IMG1561_dataset,,1
IMG1561_t177.jpg,train,original_IMG1561_dataset,,1
IMG1561_t178.jpg,train,original_IMG1561_dataset,,0
IMG1561_t179.jpg,train,original_IMG1561_dataset,,1
IMG1561_t181.jpg,train,original_IMG1561_dataset,,0
IMG1561_t182.jpg,train,original_IMG1561_dataset,,0
IMG1561_t183.jpg,train,original_IMG1561_dataset,,1
IMG1561_t184.jpg,train,original_IMG1561_dataset,,0
IMG1561_t186.jpg,train,original_IMG1561_dataset,,0
IMG1561_t187.jpg,train,original_IMG1561_dataset,,0
IMG1561_t188.jpg,train,original_IMG1561_dataset,,0
IMG1561_t189.jpg,train,original_IMG1561_dataset,,0
IMG1561_t191.jpg,train,original_IMG1561_dataset,,0
IMG1561_t192.jpg,train,original_IMG1561_dataset,,0
IMG1561_t193.jpg,train,original_IMG1561_dataset,,0
IMG1561_t194.jpg,train,original_IMG1561_dataset,,1
IMG1561_t196.jpg,train,original_IMG1561_dataset,,1
IMG1561_t197.jpg,train,original_IMG1561_dataset,,0
IMG1561_t198.jpg,train,original_IMG1561_dataset,,0
IMG1561_t199.jpg,train,original_IMG1561_dataset,,0
IMG1561_t201.jpg,train,original_IMG1561_dataset,,0
IMG1561_t202.jpg,train,original_IMG1561_dataset,,0
IMG1561_t203.jpg,train,original_IMG1561_dataset,,0
IMG1561_t204.jpg,train,original_IMG1561_dataset,,0
IMG1561_t206.jpg,train,original_IMG1561_dataset,,2
IMG1561_t207.jpg,train,original_IMG1561_dataset,,1
IMG1561_t208.jpg,train,original_IMG1561_dataset,,1
IMG1561_t209.jpg,train,original_IMG1561_dataset,,0
IMG1561_t211.jpg,train,original_IMG1561_dataset,,0
IMG1561_t212.jpg,train,original_IMG1561_dataset,,0
IMG1561_t213.jpg,train,original_IMG1561_dataset,,0
IMG1561_t214.jpg,train,original_IMG1561_dataset,,0
IMG1561_t216.jpg,train,original_IMG1561_dataset,,0
IMG1561_t217.jpg,train,original_IMG1561_dataset,,0
IMG1561_t218.jpg,train,original_IMG1561_dataset,,0
IMG1561_t219.jpg,train,original_IMG1561_dataset,,0
IMG1561_t221.jpg,train,original_IMG1561_dataset,,0
IMG1561_t222.jpg,train,original_IMG1561_dataset,,1
IMG1561_t223.jpg,train,original_IMG1561_dataset,,0
IMG1561_t224.jpg,train,original_IMG1561_dataset,,0
IMG1561_t226.jpg,train,original_IMG1561_dataset,,0
IMG1561_t227.jpg,train,original_IMG1561_dataset,,0
IMG1561_t228.jpg,train,original_IMG1561_dataset,,0
IMG1561_t229.jpg,train,original_IMG1561_dataset,,0
IMG1561_t231.jpg,train,original_IMG1561_dataset,,0
IMG1561_t232.jpg,train,original_IMG1561_dataset,,0
IMG1561_t233.jpg,train,original_IMG1561_dataset,,0
IMG1561_t234.jpg,train,original_IMG1561_dataset,,0
IMG1561_t236.jpg,train,original_IMG1561_dataset,,0
IMG1561_t237.jpg,train,original_IMG1561_dataset,,0
IMG1561_t238.jpg,train,original_IMG1561_dataset,,0
IMG1561_t239.jpg,train,original_IMG1561_dataset,,0
IMG1561_t241.jpg,train,original_IMG1561_dataset,,0
IMG1561_t242.jpg,train,original_IMG1561_dataset,,0
IMG1561_t243.jpg,train,original_IMG1561_dataset,,0
IMG1561_t244.jpg,train,original_IMG1561_dataset,,0
IMG1561_t246.jpg,train,original_IMG1561_dataset,,0
IMG1561_t247.jpg,train,original_IMG1561_dataset,,1
IMG1561_t248.jpg,train,original_IMG1561_dataset,,1
IMG1561_t249.jpg,train,original_IMG1561_dataset,,0
IMG1561_t251.jpg,train,original_IMG1561_dataset,,0
IMG1561_t252.jpg,train,original_IMG1561_dataset,,0
IMG1561_t253.jpg,train,original_IMG1561_dataset,,1
IMG1561_t254.jpg,train,original_IMG1561_dataset,,2
IMG1561_t256.jpg,train,original_IMG1561_dataset,,1
IMG1561_t257.jpg,train,original_IMG1561_dataset,,1
IMG1561_t258.jpg,train,original_IMG1561_dataset,,0
IMG1561_t259.jpg,train,original_IMG1561_dataset,,1
IMG1561_t261.jpg,train,original_IMG1561_dataset,,1
IMG1561_t262.jpg,train,original_IMG1561_dataset,,0
IMG1561_t263.jpg,train,original_IMG1561_dataset,,1
IMG1561_t264.jpg,train,original_IMG1561_dataset,,1
IMG1561_t266.jpg,train,original_IMG1561_dataset,,0
IMG1561_t267.jpg,train,original_IMG1561_dataset,,0
IMG1561_t268.jpg,train,original_IMG1561_dataset,,1
IMG1561_t269.jpg,train,original_IMG1561_dataset,,0
IMG1561_t271.jpg,train,original_IMG1561_dataset,,0
IMG1561_t272.jpg,train,original_IMG1561_dataset,,0
IMG1561_t273.jpg,train,original_IMG1561_dataset,,0
IMG1561_t274.jpg,train,original_IMG1561_dataset,,0
IMG1561_t276.jpg,train,original_IMG1561_dataset,,1
IMG1561_t277.jpg,train,original_IMG1561_dataset,,1
IMG1561_t278.jpg,train,original_IMG1561_dataset,,1
IMG1561_t279.jpg,train,original_IMG1561_dataset,,1
IMG1561_t281.jpg,train,original_IMG1561_dataset,,2
IMG1561_t282.jpg,train,original_IMG1561_dataset,,2
IMG1561_t283.jpg,train,original_IMG1561_dataset,,1
IMG1561_t284.jpg,train,original_IMG1561_dataset,,0
IMG1561_t286.jpg,train,original_IMG1561_dataset,,0
IMG1561_t287.jpg,train,original_IMG1561_dataset,,0
IMG1561_t288.jpg,train,original_IMG1561_dataset,,0
IMG1561_t289.jpg,train,original_IMG1561_dataset,,1
IMG1561_t291.jpg,train,original_IMG1561_dataset,,0
IMG1561_t292.jpg,train,original_IMG1561_dataset,,0
IMG1561_t293.jpg,train,original_IMG1561_dataset,,0
IMG1561_t294.jpg,train,original_IMG1561_dataset,,0
IMG1561_t296.jpg,train,original_IMG1561_dataset,,0
IMG1561_t297.jpg,train,original_IMG1561_dataset,,0
IMG1561_t298.jpg,train,original_IMG1561_dataset,,0
IMG1561_t299.jpg,train,original_IMG1561_dataset,,0
IMG1561_t301.jpg,train,original_IMG1561_dataset,,0
IMG1561_t302.jpg,train,original_IMG1561_dataset,,1
IMG1561_t303.jpg,train,original_IMG1561_dataset,,0
IMG1561_t304.jpg,train,original_IMG1561_dataset,,1
IMG1561_t306.jpg,train,original_IMG1561_dataset,,3
IMG1561_t307.jpg,train,original_IMG1561_dataset,,0
IMG1561_t308.jpg,train,original_IMG1561_dataset,,0
IMG1561_t309.jpg,train,original_IMG1561_dataset,,2
IMG1561_t311.jpg,train,original_IMG1561_dataset,,1
IMG1561_t312.jpg,train,original_IMG1561_dataset,,0
IMG1561_t313.jpg,train,original_IMG1561_dataset,,1
IMG1561_t314.jpg,train,original_IMG1561_dataset,,1
IMG1561_t316.jpg,train,original_IMG1561_dataset,,1
IMG1561_t317.jpg,train,original_IMG1561_dataset,,1
IMG1561_t318.jpg,train,original_IMG1561_dataset,,1
IMG1561_t319.jpg,train,original_IMG1561_dataset,,1
IMG1561_t321.jpg,train,original_IMG1561_dataset,,1
IMG1561_t322.jpg,train,original_IMG1561_dataset,,1
IMG1561_t323.jpg,train,original_IMG1561_dataset,,1
IMG1561_t324.jpg,train,original_IMG1561_dataset,,1
IMG1561_t326.jpg,train,original_IMG1561_dataset,,1
IMG1561_t327.jpg,train,original_IMG1561_dataset,,2
IMG1561_t328.jpg,train,original_IMG1561_dataset,,1
IMG1561_t329.jpg,train,original_IMG1561_dataset,,1
IMG1561_t331.jpg,train,original_IMG1561_dataset,,1
IMG1561_t332.jpg,train,original_IMG1561_dataset,,2
IMG1561_t333.jpg,train,original_IMG1561_dataset,,1
IMG1561_t334.jpg,train,original_IMG1561_dataset,,1
IMG1561_t336.jpg,train,original_IMG1561_dataset,,2
IMG1561_t337.jpg,train,original_IMG1561_dataset,,2
IMG1561_t338.jpg,train,original_IMG1561_dataset,,2
IMG1561_t339.jpg,train,original_IMG1561_dataset,,1
IMG1561_t341.jpg,train,original_IMG1561_dataset,,2
IMG1561_t342.jpg,train,original_IMG1561_dataset,,1
IMG1561_t343.jpg,train,original_IMG1561_dataset,,2
IMG1561_t344.jpg,train,original_IMG1561_dataset,,1
IMG1561_t346.jpg,train,original_IMG1561_dataset,,1
IMG1561_t347.jpg,train,original_IMG1561_dataset,,2
IMG1561_t348.jpg,train,original_IMG1561_dataset,,1
IMG1561_t349.jpg,train,original_IMG1561_dataset,,2
IMG1561_t351.jpg,train,original_IMG1561_dataset,,2
IMG1561_t352.jpg,train,original_IMG1561_dataset,,1
IMG1561_t353.jpg,train,original_IMG1561_dataset,,1
IMG1561_t354.jpg,train,original_IMG1561_dataset,,1
IMG1561_t356.jpg,train,original_IMG1561_dataset,,1
IMG1561_t357.jpg,train,original_IMG1561_dataset,,2
IMG1561_t358.jpg,train,original_IMG1561_dataset,,2
IMG1561_t359.jpg,train,original_IMG1561_dataset,,1
IMG1561_t361.jpg,train,original_IMG1561_dataset,,1
IMG1561_t362.jpg,train,original_IMG1561_dataset,,1
IMG1561_t363.jpg,train,original_IMG1561_dataset,,1
IMG1561_t364.jpg,train,original_IMG1561_dataset,,1
IMG1561_t366.jpg,train,original_IMG1561_dataset,,2
IMG1561_t367.jpg,train,original_IMG1561_dataset,,2
IMG1561_t368.jpg,train,original_IMG1561_dataset,,2
IMG1561_t369.jpg,train,original_IMG1561_dataset,,2
IMG1561_t371.jpg,train,original_IMG1561_dataset,,2
IMG1561_t372.jpg,train,original_IMG1561_dataset,,1
IMG1561_t373.jpg,train,original_IMG1561_dataset,,2
IMG1561_t374.jpg,train,original_IMG1561_dataset,,3
IMG1561_t376.jpg,train,original_IMG1561_dataset,,1
IMG1561_t377.jpg,train,original_IMG1561_dataset,,2
IMG1561_t378.jpg,train,original_IMG1561_dataset,,1
IMG1561_t379.jpg,train,original_IMG1561_dataset,,1
IMG1561_t381.jpg,train,original_IMG1561_dataset,,0
IMG1561_t382.jpg,train,original_IMG1561_dataset,,0
IMG1561_t383.jpg,train,original_IMG1561_dataset,,0
IMG1561_t384.jpg,train,original_IMG1561_dataset,,1
IMG1561_t386.jpg,train,original_IMG1561_dataset,,0
IMG1561_t387.jpg,train,original_IMG1561_dataset,,0
IMG1561_t388.jpg,train,original_IMG1561_dataset,,0
IMG1561_t389.jpg,train,original_IMG1561_dataset,,0
IMG1561_t391.jpg,train,original_IMG1561_dataset,,1
IMG1561_t392.jpg,train,original_IMG1561_dataset,,0
IMG1561_t393.jpg,train,original_IMG1561_dataset,,0
IMG1561_t394.jpg,train,original_IMG1561_dataset,,0
IMG1561_t396.jpg,train,original_IMG1561_dataset,,0
IMG1561_t397.jpg,train,original_IMG1561_dataset,,0
IMG1561_t398.jpg,train,original_IMG1561_dataset,,0
IMG1561_t399.jpg,train,original_IMG1561_dataset,,0
IMG1561_t401.jpg,train,original_IMG1561_dataset,,0
IMG1561_t402.jpg,train,original_IMG1561_dataset,,0
IMG1561_t403.jpg,train,original_IMG1561_dataset,,0
IMG1561_t404.jpg,train,original_IMG1561_dataset,,0
IMG1561_t406.jpg,train,original_IMG1561_dataset,,0
IMG1561_t407.jpg,train,original_IMG1561_dataset,,0
IMG1561_t408.jpg,train,original_IMG1561_dataset,,0
IMG1561_t409.jpg,train,original_IMG1561_dataset,,0
IMG1561_t411.jpg,train,original_IMG1561_dataset,,0
IMG1561_t412.jpg,train,original_IMG1561_dataset,,0
IMG1561_t413.jpg,train,original_IMG1561_dataset,,0
IMG1561_t414.jpg,train,original_IMG1561_dataset,,0
IMG1561_t416.jpg,train,original_IMG1561_dataset,,0
IMG1561_t417.jpg,train,original_IMG1561_dataset,,0
IMG1561_t418.jpg,train,original_IMG1561_dataset,,0
IMG1561_t419.jpg,train,original_IMG1561_dataset,,0
IMG1561_t421.jpg,train,original_IMG1561_dataset,,0
IMG1561_t422.jpg,train,original_IMG1561_dataset,,0
IMG1561_t423.jpg,train,original_IMG1561_dataset,,0
IMG1561_t424.jpg,train,original_IMG1561_dataset,,0
IMG1561_t426.jpg,train,original_IMG1561_dataset,,0
IMG1561_t427.jpg,train,original_IMG1561_dataset,,0
IMG1561_t428.jpg,train,original_IMG1561_dataset,,1
IMG1561_t429.jpg,train,original_IMG1561_dataset,,1
IMG1561_t431.jpg,train,original_IMG1561_dataset,,1
IMG1561_t432.jpg,train,original_IMG1561_dataset,,1
IMG1561_t433.jpg,train,original_IMG1561_dataset,,1
IMG1561_t434.jpg,train,original_IMG1561_dataset,,1
IMG1561_t436.jpg,train,original_IMG1561_dataset,,1
IMG1561_t437.jpg,train,original_IMG1561_dataset,,0
IMG1561_t438.jpg,train,original_IMG1561_dataset,,1
IMG1561_t439.jpg,train,original_IMG1561_dataset,,2
IMG1561_t441.jpg,train,original_IMG1561_dataset,,2
IMG1561_t442.jpg,train,original_IMG1561_dataset,,1
IMG1561_t443.jpg,train,original_IMG1561_dataset,,1
IMG1561_t444.jpg,train,original_IMG1561_dataset,,1
IMG1561_t446.jpg,train,original_IMG1561_dataset,,1
IMG1561_t447.jpg,train,original_IMG1561_dataset,,1
IMG1561_t448.jpg,train,original_IMG1561_dataset,,0
IMG1561_t449.jpg,train,original_IMG1561_dataset,,0
IMG1561_t451.jpg,train,original_IMG1561_dataset,,0
IMG1561_t452.jpg,train,original_IMG1561_dataset,,0
IMG1561_t453.jpg,train,original_IMG1561_dataset,,0
IMG1561_t454.jpg,train,original_IMG1561_dataset,,0
IMG1561_t456.jpg,train,original_IMG1561_dataset,,0
IMG1561_t457.jpg,train,original_IMG1561_dataset,,0
IMG1561_t458.jpg,train,original_IMG1561_dataset,,0
IMG1561_t459.jpg,train,original_IMG1561_dataset,,0
IMG1561_t461.jpg,train,original_IMG1561_dataset,,0
IMG1561_t462.jpg,train,original_IMG1561_dataset,,0
IMG1561_t463.jpg,train,original_IMG1561_dataset,,0
IMG1561_t464.jpg,train,original_IMG1561_dataset,,1
IMG1561_t466.jpg,train,original_IMG1561_dataset,,0
IMG1561_t467.jpg,train,original_IMG1561_dataset,,0
IMG1561_t468.jpg,train,original_IMG1561_dataset,,0
IMG1561_t469.jpg,train,original_IMG1561_dataset,,0
IMG1561_t471.jpg,train,original_IMG1561_dataset,,3
IMG1561_t472.jpg,train,original_IMG1561_dataset,,3
IMG1561_t473.jpg,train,original_IMG1561_dataset,,3
IMG1561_t474.jpg,train,original_IMG1561_dataset,,4
IMG1561_t476.jpg,train,original_IMG1561_dataset,,3
IMG1561_t477.jpg,train,original_IMG1561_dataset,,4
IMG1561_t478.jpg,train,original_IMG1561_dataset,,4
IMG1561_t479.jpg,train,original_IMG1561_dataset,,4
IMG1561_t481.jpg,train,original_IMG1561_dataset,,2
IMG1561_t482.jpg,train,original_IMG1561_dataset,,2
IMG1561_t483.jpg,train,original_IMG1561_dataset,,2
IMG1561_t484.jpg,train,original_IMG1561_dataset,,2
IMG1561_t486.jpg,train,original_IMG1561_dataset,,2
IMG1561_t487.jpg,train,original_IMG1561_dataset,,2
IMG1561_t488.jpg,train,original_IMG1561_dataset,,2
IMG1561_t489.jpg,train,original_IMG1561_dataset,,2
IMG1561_t491.jpg,train,original_IMG1561_dataset,,2
IMG1561_t492.jpg,train,original_IMG1561_dataset,,2
IMG1561_t493.jpg,train,original_IMG1561_dataset,,2
IMG1561_t494.jpg,train,original_IMG1561_dataset,,2
IMG1561_t496.jpg,train,original_IMG1561_dataset,,2
IMG1561_t497.jpg,train,original_IMG1561_dataset,,2
IMG1561_t498.jpg,train,original_IMG1561_dataset,,2
IMG1561_t499.jpg,train,original_IMG1561_dataset,,2
IMG1561_t501.jpg,train,original_IMG1561_dataset,,2
IMG1561_t502.jpg,train,original_IMG1561_dataset,,2
IMG1561_t503.jpg,train,original_IMG1561_dataset,,3
IMG1561_t504.jpg,train,original_IMG1561_dataset,,2
IMG1561_t506.jpg,train,original_IMG1561_dataset,,2
IMG1561_t507.jpg,train,original_IMG1561_dataset,,2
IMG1561_t508.jpg,train,original_IMG1561_dataset,,2
IMG1561_t509.jpg,train,original_IMG1561_dataset,,2
IMG1561_t511.jpg,train,original_IMG1561_dataset,,2
IMG1561_t512.jpg,train,original_IMG1561_dataset,,2
IMG1561_t513.jpg,train,original_IMG1561_dataset,,2
IMG1561_t514.jpg,train,original_IMG1561_dataset,,2
IMG1561_t516.jpg,train,original_IMG1561_dataset,,2
IMG1561_t517.jpg,train,original_IMG1561_dataset,,2
IMG1561_t518.jpg,train,original_IMG1561_dataset,,2
IMG1561_t519.jpg,train,original_IMG1561_dataset,,2
IMG1561_t521.jpg,train,original_IMG1561_dataset,,2
IMG1561_t522.jpg,train,original_IMG1561_dataset,,2
IMG1561_t523.jpg,train,original_IMG1561_dataset,,2
IMG1561_t524.jpg,train,original_IMG1561_dataset,,2
IMG1561_t526.jpg,train,original_IMG1561_dataset,,3
IMG1561_t527.jpg,train,original_IMG1561_dataset,,2
IMG1561_t528.jpg,train,original_IMG1561_dataset,,2
IMG1561_t529.jpg,train,original_IMG1561_dataset,,2
IMG1561_t000.jpg,val,original_IMG1561_dataset,,2
IMG1561_t005.jpg,val,original_IMG1561_dataset,,2
IMG1561_t010.jpg,val,original_IMG1561_dataset,,2
IMG1561_t015.jpg,val,original_IMG1561_dataset,,2
IMG1561_t020.jpg,val,original_IMG1561_dataset,,3
IMG1561_t025.jpg,val,original_IMG1561_dataset,,3
IMG1561_t030.jpg,val,original_IMG1561_dataset,,1
IMG1561_t035.jpg,val,original_IMG1561_dataset,,1
IMG1561_t040.jpg,val,original_IMG1561_dataset,,0
IMG1561_t045.jpg,val,original_IMG1561_dataset,,1
IMG1561_t050.jpg,val,original_IMG1561_dataset,,1
IMG1561_t055.jpg,val,original_IMG1561_dataset,,0
IMG1561_t060.jpg,val,original_IMG1561_dataset,,0
IMG1561_t065.jpg,val,original_IMG1561_dataset,,0
IMG1561_t070.jpg,val,original_IMG1561_dataset,,2
IMG1561_t075.jpg,val,original_IMG1561_dataset,,2
IMG1561_t080.jpg,val,original_IMG1561_dataset,,3
IMG1561_t085.jpg,val,original_IMG1561_dataset,,2
IMG1561_t090.jpg,val,original_IMG1561_dataset,,2
IMG1561_t095.jpg,val,original_IMG1561_dataset,,1
IMG1561_t100.jpg,val,original_IMG1561_dataset,,1
IMG1561_t105.jpg,val,original_IMG1561_dataset,,2
IMG1561_t110.jpg,val,original_IMG1561_dataset,,1
IMG1561_t115.jpg,val,original_IMG1561_dataset,,1
IMG1561_t120.jpg,val,original_IMG1561_dataset,,1
IMG1561_t125.jpg,val,original_IMG1561_dataset,,4
IMG1561_t130.jpg,val,original_IMG1561_dataset,,3
IMG1561_t135.jpg,val,original_IMG1561_dataset,,2
IMG1561_t140.jpg,val,original_IMG1561_dataset,,2
IMG1561_t145.jpg,val,original_IMG1561_dataset,,3
IMG1561_t150.jpg,val,original_IMG1561_dataset,,2
IMG1561_t155.jpg,val,original_IMG1561_dataset,,0
IMG1561_t160.jpg,val,original_IMG1561_dataset,,1
IMG1561_t165.jpg,val,original_IMG1561_dataset,,2
IMG1561_t170.jpg,val,original_IMG1561_dataset,,1
IMG1561_t175.jpg,val,original_IMG1561_dataset,,1
IMG1561_t180.jpg,val,original_IMG1561_dataset,,1
IMG1561_t185.jpg,val,original_IMG1561_dataset,,0
IMG1561_t190.jpg,val,original_IMG1561_dataset,,0
IMG1561_t195.jpg,val,original_IMG1561_dataset,,1
IMG1561_t200.jpg,val,original_IMG1561_dataset,,1
IMG1561_t205.jpg,val,original_IMG1561_dataset,,1
IMG1561_t210.jpg,val,original_IMG1561_dataset,,0
IMG1561_t215.jpg,val,original_IMG1561_dataset,,0
IMG1561_t220.jpg,val,original_IMG1561_dataset,,0
IMG1561_t225.jpg,val,original_IMG1561_dataset,,0
IMG1561_t230.jpg,val,original_IMG1561_dataset,,0
IMG1561_t235.jpg,val,original_IMG1561_dataset,,0
IMG1561_t240.jpg,val,original_IMG1561_dataset,,0
IMG1561_t245.jpg,val,original_IMG1561_dataset,,0
IMG1561_t250.jpg,val,original_IMG1561_dataset,,0
IMG1561_t255.jpg,val,original_IMG1561_dataset,,1
IMG1561_t260.jpg,val,original_IMG1561_dataset,,1
IMG1561_t265.jpg,val,original_IMG1561_dataset,,0
IMG1561_t270.jpg,val,original_IMG1561_dataset,,1
IMG1561_t275.jpg,val,original_IMG1561_dataset,,1
IMG1561_t280.jpg,val,original_IMG1561_dataset,,1
IMG1561_t285.jpg,val,original_IMG1561_dataset,,0
IMG1561_t290.jpg,val,original_IMG1561_dataset,,1
IMG1561_t295.jpg,val,original_IMG1561_dataset,,0
IMG1561_t300.jpg,val,original_IMG1561_dataset,,1
IMG1561_t305.jpg,val,original_IMG1561_dataset,,2
IMG1561_t310.jpg,val,original_IMG1561_dataset,,1
IMG1561_t315.jpg,val,original_IMG1561_dataset,,2
IMG1561_t320.jpg,val,original_IMG1561_dataset,,1
IMG1561_t325.jpg,val,original_IMG1561_dataset,,2
IMG1561_t330.jpg,val,original_IMG1561_dataset,,2
IMG1561_t335.jpg,val,original_IMG1561_dataset,,1
IMG1561_t340.jpg,val,original_IMG1561_dataset,,2
IMG1561_t345.jpg,val,original_IMG1561_dataset,,1
IMG1561_t350.jpg,val,original_IMG1561_dataset,,2
IMG1561_t355.jpg,val,original_IMG1561_dataset,,1
IMG1561_t360.jpg,val,original_IMG1561_dataset,,1
IMG1561_t365.jpg,val,original_IMG1561_dataset,,1
IMG1561_t370.jpg,val,original_IMG1561_dataset,,2
IMG1561_t375.jpg,val,original_IMG1561_dataset,,1
IMG1561_t380.jpg,val,original_IMG1561_dataset,,1
IMG1561_t385.jpg,val,original_IMG1561_dataset,,0
IMG1561_t390.jpg,val,original_IMG1561_dataset,,0
IMG1561_t395.jpg,val,original_IMG1561_dataset,,0
IMG1561_t400.jpg,val,original_IMG1561_dataset,,0
IMG1561_t405.jpg,val,original_IMG1561_dataset,,0
IMG1561_t410.jpg,val,original_IMG1561_dataset,,0
IMG1561_t415.jpg,val,original_IMG1561_dataset,,0
IMG1561_t420.jpg,val,original_IMG1561_dataset,,0
IMG1561_t425.jpg,val,original_IMG1561_dataset,,0
IMG1561_t430.jpg,val,original_IMG1561_dataset,,1
IMG1561_t435.jpg,val,original_IMG1561_dataset,,1
IMG1561_t440.jpg,val,original_IMG1561_dataset,,2
IMG1561_t445.jpg,val,original_IMG1561_dataset,,1
IMG1561_t450.jpg,val,original_IMG1561_dataset,,0
IMG1561_t455.jpg,val,original_IMG1561_dataset,,0
IMG1561_t460.jpg,val,original_IMG1561_dataset,,0
IMG1561_t465.jpg,val,original_IMG1561_dataset,,0
IMG1561_t470.jpg,val,original_IMG1561_dataset,,3
IMG1561_t475.jpg,val,original_IMG1561_dataset,,2
IMG1561_t480.jpg,val,original_IMG1561_dataset,,3
IMG1561_t485.jpg,val,original_IMG1561_dataset,,2
IMG1561_t490.jpg,val,original_IMG1561_dataset,,2
IMG1561_t495.jpg,val,original_IMG1561_dataset,,3
IMG1561_t500.jpg,val,original_IMG1561_dataset,,2
IMG1561_t505.jpg,val,original_IMG1561_dataset,,2
IMG1561_t510.jpg,val,original_IMG1561_dataset,,2
IMG1561_t515.jpg,val,original_IMG1561_dataset,,2
IMG1561_t520.jpg,val,original_IMG1561_dataset,,2
IMG1561_t525.jpg,val,original_IMG1561_dataset,,2
IMG1561_t530.jpg,val,original_IMG1561_dataset,,2
10_30_11_30_t00000.jpg,val,teacher_model_pseudo_label,00000,0
10_30_11_30_t00010.jpg,train,teacher_model_pseudo_label,00010,0
10_30_11_30_t00020.jpg,train,teacher_model_pseudo_label,00020,0
10_30_11_30_t00030.jpg,train,teacher_model_pseudo_label,00030,0
10_30_11_30_t00040.jpg,train,teacher_model_pseudo_label,00040,0
10_30_11_30_t00050.jpg,val,teacher_model_pseudo_label,00050,0
10_30_11_30_t00060.jpg,train,teacher_model_pseudo_label,00060,0
10_30_11_30_t00070.jpg,train,teacher_model_pseudo_label,00070,0
10_30_11_30_t00080.jpg,train,teacher_model_pseudo_label,00080,0
10_30_11_30_t00090.jpg,train,teacher_model_pseudo_label,00090,0
10_30_11_30_t00100.jpg,val,teacher_model_pseudo_label,00100,0
10_30_11_30_t00110.jpg,train,teacher_model_pseudo_label,00110,0
10_30_11_30_t00120.jpg,train,teacher_model_pseudo_label,00120,0
10_30_11_30_t00130.jpg,train,teacher_model_pseudo_label,00130,0
10_30_11_30_t00140.jpg,train,teacher_model_pseudo_label,00140,0
10_30_11_30_t00150.jpg,val,teacher_model_pseudo_label,00150,0
10_30_11_30_t00160.jpg,train,teacher_model_pseudo_label,00160,0
10_30_11_30_t00170.jpg,train,teacher_model_pseudo_label,00170,0
10_30_11_30_t00180.jpg,train,teacher_model_pseudo_label,00180,0
10_30_11_30_t00190.jpg,train,teacher_model_pseudo_label,00190,0
10_30_11_30_t00200.jpg,val,teacher_model_pseudo_label,00200,0
10_30_11_30_t00210.jpg,train,teacher_model_pseudo_label,00210,0
10_30_11_30_t00220.jpg,train,teacher_model_pseudo_label,00220,0
10_30_11_30_t00230.jpg,train,teacher_model_pseudo_label,00230,0
10_30_11_30_t00240.jpg,train,teacher_model_pseudo_label,00240,0
10_30_11_30_t00250.jpg,val,teacher_model_pseudo_label,00250,0
10_30_11_30_t00260.jpg,train,teacher_model_pseudo_label,00260,0
10_30_11_30_t00270.jpg,train,teacher_model_pseudo_label,00270,0
10_30_11_30_t00280.jpg,train,teacher_model_pseudo_label,00280,0
10_30_11_30_t00290.jpg,train,teacher_model_pseudo_label,00290,0
10_30_11_30_t00300.jpg,val,teacher_model_pseudo_label,00300,0
10_30_11_30_t00310.jpg,train,teacher_model_pseudo_label,00310,0
10_30_11_30_t00320.jpg,train,teacher_model_pseudo_label,00320,0
10_30_11_30_t00330.jpg,train,teacher_model_pseudo_label,00330,0
10_30_11_30_t00340.jpg,train,teacher_model_pseudo_label,00340,0
10_30_11_30_t00350.jpg,val,teacher_model_pseudo_label,00350,0
10_30_11_30_t00360.jpg,train,teacher_model_pseudo_label,00360,0
10_30_11_30_t00370.jpg,train,teacher_model_pseudo_label,00370,0
10_30_11_30_t00380.jpg,train,teacher_model_pseudo_label,00380,0
10_30_11_30_t00390.jpg,train,teacher_model_pseudo_label,00390,0
10_30_11_30_t00400.jpg,val,teacher_model_pseudo_label,00400,0
10_30_11_30_t00410.jpg,train,teacher_model_pseudo_label,00410,0
10_30_11_30_t00420.jpg,train,teacher_model_pseudo_label,00420,0
10_30_11_30_t00430.jpg,train,teacher_model_pseudo_label,00430,0
10_30_11_30_t00440.jpg,train,teacher_model_pseudo_label,00440,0
10_30_11_30_t00450.jpg,val,teacher_model_pseudo_label,00450,0
10_30_11_30_t00460.jpg,train,teacher_model_pseudo_label,00460,0
10_30_11_30_t00470.jpg,train,teacher_model_pseudo_label,00470,0
10_30_11_30_t00480.jpg,train,teacher_model_pseudo_label,00480,0
10_30_11_30_t00490.jpg,train,teacher_model_pseudo_label,00490,0
10_30_11_30_t00500.jpg,val,teacher_model_pseudo_label,00500,0
10_30_11_30_t00510.jpg,train,teacher_model_pseudo_label,00510,0
10_30_11_30_t00520.jpg,train,teacher_model_pseudo_label,00520,0
10_30_11_30_t00530.jpg,train,teacher_model_pseudo_label,00530,0
10_30_11_30_t00540.jpg,train,teacher_model_pseudo_label,00540,0
10_30_11_30_t00550.jpg,val,teacher_model_pseudo_label,00550,0
10_30_11_30_t00560.jpg,train,teacher_model_pseudo_label,00560,0
10_30_11_30_t00570.jpg,train,teacher_model_pseudo_label,00570,0
10_30_11_30_t00580.jpg,train,teacher_model_pseudo_label,00580,0
10_30_11_30_t00590.jpg,train,teacher_model_pseudo_label,00590,0
10_30_11_30_t00600.jpg,val,teacher_model_pseudo_label,00600,0
10_30_11_30_t00610.jpg,train,teacher_model_pseudo_label,00610,0
10_30_11_30_t00620.jpg,train,teacher_model_pseudo_label,00620,0
10_30_11_30_t00630.jpg,train,teacher_model_pseudo_label,00630,0
10_30_11_30_t00640.jpg,train,teacher_model_pseudo_label,00640,0
10_30_11_30_t00650.jpg,val,teacher_model_pseudo_label,00650,0
10_30_11_30_t00660.jpg,train,teacher_model_pseudo_label,00660,0
10_30_11_30_t00670.jpg,train,teacher_model_pseudo_label,00670,0
10_30_11_30_t00680.jpg,train,teacher_model_pseudo_label,00680,0
10_30_11_30_t00690.jpg,train,teacher_model_pseudo_label,00690,0
10_30_11_30_t00700.jpg,val,teacher_model_pseudo_label,00700,0
10_30_11_30_t00710.jpg,train,teacher_model_pseudo_label,00710,0
10_30_11_30_t00720.jpg,train,teacher_model_pseudo_label,00720,0
10_30_11_30_t00730.jpg,train,teacher_model_pseudo_label,00730,0
10_30_11_30_t00740.jpg,train,teacher_model_pseudo_label,00740,0
10_30_11_30_t00750.jpg,val,teacher_model_pseudo_label,00750,0
10_30_11_30_t00760.jpg,train,teacher_model_pseudo_label,00760,0
10_30_11_30_t00770.jpg,train,teacher_model_pseudo_label,00770,0
10_30_11_30_t00780.jpg,train,teacher_model_pseudo_label,00780,0
10_30_11_30_t00790.jpg,train,teacher_model_pseudo_label,00790,0
10_30_11_30_t00800.jpg,val,teacher_model_pseudo_label,00800,0
10_30_11_30_t00810.jpg,train,teacher_model_pseudo_label,00810,0
10_30_11_30_t00820.jpg,train,teacher_model_pseudo_label,00820,0
10_30_11_30_t00830.jpg,train,teacher_model_pseudo_label,00830,1
10_30_11_30_t00840.jpg,train,teacher_model_pseudo_label,00840,0
10_30_11_30_t00850.jpg,val,teacher_model_pseudo_label,00850,0
10_30_11_30_t00860.jpg,train,teacher_model_pseudo_label,00860,0
10_30_11_30_t00870.jpg,train,teacher_model_pseudo_label,00870,0
10_30_11_30_t00880.jpg,train,teacher_model_pseudo_label,00880,0
10_30_11_30_t00890.jpg,train,teacher_model_pseudo_label,00890,0
10_30_11_30_t00900.jpg,val,teacher_model_pseudo_label,00900,0
10_30_11_30_t00910.jpg,train,teacher_model_pseudo_label,00910,0
10_30_11_30_t00920.jpg,train,teacher_model_pseudo_label,00920,0
10_30_11_30_t00930.jpg,train,teacher_model_pseudo_label,00930,0
10_30_11_30_t00940.jpg,train,teacher_model_pseudo_label,00940,0
10_30_11_30_t00950.jpg,val,teacher_model_pseudo_label,00950,0
10_30_11_30_t00960.jpg,train,teacher_model_pseudo_label,00960,0
10_30_11_30_t00970.jpg,train,teacher_model_pseudo_label,00970,0
10_30_11_30_t00980.jpg,train,teacher_model_pseudo_label,00980,0
10_30_11_30_t00990.jpg,train,teacher_model_pseudo_label,00990,0
10_30_11_30_t01000.jpg,val,teacher_model_pseudo_label,01000,0
10_30_11_30_t01010.jpg,train,teacher_model_pseudo_label,01010,0
10_30_11_30_t01020.jpg,train,teacher_model_pseudo_label,01020,0
10_30_11_30_t01030.jpg,train,teacher_model_pseudo_label,01030,0
10_30_11_30_t01040.jpg,train,teacher_model_pseudo_label,01040,0
10_30_11_30_t01050.jpg,val,teacher_model_pseudo_label,01050,0
10_30_11_30_t01060.jpg,train,teacher_model_pseudo_label,01060,0
10_30_11_30_t01070.jpg,train,teacher_model_pseudo_label,01070,0
10_30_11_30_t01080.jpg,train,teacher_model_pseudo_label,01080,0
10_30_11_30_t01090.jpg,train,teacher_model_pseudo_label,01090,0
10_30_11_30_t01100.jpg,val,teacher_model_pseudo_label,01100,0
10_30_11_30_t01110.jpg,train,teacher_model_pseudo_label,01110,0
10_30_11_30_t01120.jpg,train,teacher_model_pseudo_label,01120,0
10_30_11_30_t01130.jpg,train,teacher_model_pseudo_label,01130,0
10_30_11_30_t01140.jpg,train,teacher_model_pseudo_label,01140,0
10_30_11_30_t01150.jpg,val,teacher_model_pseudo_label,01150,0
10_30_11_30_t01160.jpg,train,teacher_model_pseudo_label,01160,0
10_30_11_30_t01170.jpg,train,teacher_model_pseudo_label,01170,0
10_30_11_30_t01180.jpg,train,teacher_model_pseudo_label,01180,0
10_30_11_30_t01190.jpg,train,teacher_model_pseudo_label,01190,0
10_30_11_30_t01200.jpg,val,teacher_model_pseudo_label,01200,0
10_30_11_30_t01210.jpg,train,teacher_model_pseudo_label,01210,0
10_30_11_30_t01220.jpg,train,teacher_model_pseudo_label,01220,0
10_30_11_30_t01230.jpg,train,teacher_model_pseudo_label,01230,0
10_30_11_30_t01240.jpg,train,teacher_model_pseudo_label,01240,0
10_30_11_30_t01250.jpg,val,teacher_model_pseudo_label,01250,0
10_30_11_30_t01260.jpg,train,teacher_model_pseudo_label,01260,0
10_30_11_30_t01270.jpg,train,teacher_model_pseudo_label,01270,0
10_30_11_30_t01280.jpg,train,teacher_model_pseudo_label,01280,0
10_30_11_30_t01290.jpg,train,teacher_model_pseudo_label,01290,0
10_30_11_30_t01300.jpg,val,teacher_model_pseudo_label,01300,0
10_30_11_30_t01310.jpg,train,teacher_model_pseudo_label,01310,0
10_30_11_30_t01320.jpg,train,teacher_model_pseudo_label,01320,0
10_30_11_30_t01330.jpg,train,teacher_model_pseudo_label,01330,0
10_30_11_30_t01340.jpg,train,teacher_model_pseudo_label,01340,0
10_30_11_30_t01350.jpg,val,teacher_model_pseudo_label,01350,0
10_30_11_30_t01360.jpg,train,teacher_model_pseudo_label,01360,0
10_30_11_30_t01370.jpg,train,teacher_model_pseudo_label,01370,0
10_30_11_30_t01380.jpg,train,teacher_model_pseudo_label,01380,1
10_30_11_30_t01390.jpg,train,teacher_model_pseudo_label,01390,0
10_30_11_30_t01400.jpg,val,teacher_model_pseudo_label,01400,1
10_30_11_30_t01410.jpg,train,teacher_model_pseudo_label,01410,1
10_30_11_30_t01420.jpg,train,teacher_model_pseudo_label,01420,0
10_30_11_30_t01430.jpg,train,teacher_model_pseudo_label,01430,0
10_30_11_30_t01440.jpg,train,teacher_model_pseudo_label,01440,0
10_30_11_30_t01450.jpg,val,teacher_model_pseudo_label,01450,1
10_30_11_30_t01460.jpg,train,teacher_model_pseudo_label,01460,0
10_30_11_30_t01470.jpg,train,teacher_model_pseudo_label,01470,0
10_30_11_30_t01480.jpg,train,teacher_model_pseudo_label,01480,0
10_30_11_30_t01490.jpg,train,teacher_model_pseudo_label,01490,0
10_30_11_30_t01500.jpg,val,teacher_model_pseudo_label,01500,0
10_30_11_30_t01510.jpg,train,teacher_model_pseudo_label,01510,0
10_30_11_30_t01520.jpg,train,teacher_model_pseudo_label,01520,0
10_30_11_30_t01530.jpg,train,teacher_model_pseudo_label,01530,0
10_30_11_30_t01540.jpg,train,teacher_model_pseudo_label,01540,0
10_30_11_30_t01550.jpg,val,teacher_model_pseudo_label,01550,0
10_30_11_30_t01560.jpg,train,teacher_model_pseudo_label,01560,1
10_30_11_30_t01570.jpg,train,teacher_model_pseudo_label,01570,0
10_30_11_30_t01580.jpg,train,teacher_model_pseudo_label,01580,1
10_30_11_30_t01590.jpg,train,teacher_model_pseudo_label,01590,0
10_30_11_30_t01600.jpg,val,teacher_model_pseudo_label,01600,0
10_30_11_30_t01610.jpg,train,teacher_model_pseudo_label,01610,0
10_30_11_30_t01620.jpg,train,teacher_model_pseudo_label,01620,0
10_30_11_30_t01630.jpg,train,teacher_model_pseudo_label,01630,1
10_30_11_30_t01640.jpg,train,teacher_model_pseudo_label,01640,0
10_30_11_30_t01650.jpg,val,teacher_model_pseudo_label,01650,0
10_30_11_30_t01660.jpg,train,teacher_model_pseudo_label,01660,0
10_30_11_30_t01670.jpg,train,teacher_model_pseudo_label,01670,0
10_30_11_30_t01680.jpg,train,teacher_model_pseudo_label,01680,0
10_30_11_30_t01690.jpg,train,teacher_model_pseudo_label,01690,0
10_30_11_30_t01700.jpg,val,teacher_model_pseudo_label,01700,0
10_30_11_30_t01710.jpg,train,teacher_model_pseudo_label,01710,0
10_30_11_30_t01720.jpg,train,teacher_model_pseudo_label,01720,0
10_30_11_30_t01730.jpg,train,teacher_model_pseudo_label,01730,0
10_30_11_30_t01740.jpg,train,teacher_model_pseudo_label,01740,0
10_30_11_30_t01750.jpg,val,teacher_model_pseudo_label,01750,0
10_30_11_30_t01760.jpg,train,teacher_model_pseudo_label,01760,0
10_30_11_30_t01770.jpg,train,teacher_model_pseudo_label,01770,0
10_30_11_30_t01780.jpg,train,teacher_model_pseudo_label,01780,0
10_30_11_30_t01790.jpg,train,teacher_model_pseudo_label,01790,0
10_30_11_30_t01800.jpg,val,teacher_model_pseudo_label,01800,0
10_30_11_30_t01810.jpg,train,teacher_model_pseudo_label,01810,0
10_30_11_30_t01820.jpg,train,teacher_model_pseudo_label,01820,0
10_30_11_30_t01830.jpg,train,teacher_model_pseudo_label,01830,0
10_30_11_30_t01840.jpg,train,teacher_model_pseudo_label,01840,0
10_30_11_30_t01850.jpg,val,teacher_model_pseudo_label,01850,0
10_30_11_30_t01860.jpg,train,teacher_model_pseudo_label,01860,0
10_30_11_30_t01870.jpg,train,teacher_model_pseudo_label,01870,0
10_30_11_30_t01880.jpg,train,teacher_model_pseudo_label,01880,0
10_30_11_30_t01890.jpg,train,teacher_model_pseudo_label,01890,0
10_30_11_30_t01900.jpg,val,teacher_model_pseudo_label,01900,0
10_30_11_30_t01910.jpg,train,teacher_model_pseudo_label,01910,0
10_30_11_30_t01920.jpg,train,teacher_model_pseudo_label,01920,0
10_30_11_30_t01930.jpg,train,teacher_model_pseudo_label,01930,0
10_30_11_30_t01940.jpg,train,teacher_model_pseudo_label,01940,0
10_30_11_30_t01950.jpg,val,teacher_model_pseudo_label,01950,0
10_30_11_30_t01960.jpg,train,teacher_model_pseudo_label,01960,0
10_30_11_30_t01970.jpg,train,teacher_model_pseudo_label,01970,0
10_30_11_30_t01980.jpg,train,teacher_model_pseudo_label,01980,0
10_30_11_30_t01990.jpg,train,teacher_model_pseudo_label,01990,0
10_30_11_30_t02000.jpg,val,teacher_model_pseudo_label,02000,0
10_30_11_30_t02010.jpg,train,teacher_model_pseudo_label,02010,0
10_30_11_30_t02020.jpg,train,teacher_model_pseudo_label,02020,0
10_30_11_30_t02030.jpg,train,teacher_model_pseudo_label,02030,0
10_30_11_30_t02040.jpg,train,teacher_model_pseudo_label,02040,2
10_30_11_30_t02050.jpg,val,teacher_model_pseudo_label,02050,0
10_30_11_30_t02060.jpg,train,teacher_model_pseudo_label,02060,0
10_30_11_30_t02070.jpg,train,teacher_model_pseudo_label,02070,0
10_30_11_30_t02080.jpg,train,teacher_model_pseudo_label,02080,1
10_30_11_30_t02090.jpg,train,teacher_model_pseudo_label,02090,0
10_30_11_30_t02100.jpg,val,teacher_model_pseudo_label,02100,0
10_30_11_30_t02110.jpg,train,teacher_model_pseudo_label,02110,1
10_30_11_30_t02120.jpg,train,teacher_model_pseudo_label,02120,0
10_30_11_30_t02130.jpg,train,teacher_model_pseudo_label,02130,0
10_30_11_30_t02140.jpg,train,teacher_model_pseudo_label,02140,0
10_30_11_30_t02150.jpg,val,teacher_model_pseudo_label,02150,0
10_30_11_30_t02160.jpg,train,teacher_model_pseudo_label,02160,0
10_30_11_30_t02170.jpg,train,teacher_model_pseudo_label,02170,0
10_30_11_30_t02180.jpg,train,teacher_model_pseudo_label,02180,0
10_30_11_30_t02190.jpg,train,teacher_model_pseudo_label,02190,0
10_30_11_30_t02200.jpg,val,teacher_model_pseudo_label,02200,0
10_30_11_30_t02210.jpg,train,teacher_model_pseudo_label,02210,0
10_30_11_30_t02220.jpg,train,teacher_model_pseudo_label,02220,0
10_30_11_30_t02230.jpg,train,teacher_model_pseudo_label,02230,0
10_30_11_30_t02240.jpg,train,teacher_model_pseudo_label,02240,0
10_30_11_30_t02250.jpg,val,teacher_model_pseudo_label,02250,0
10_30_11_30_t02260.jpg,train,teacher_model_pseudo_label,02260,0
10_30_11_30_t02270.jpg,train,teacher_model_pseudo_label,02270,0
10_30_11_30_t02280.jpg,train,teacher_model_pseudo_label,02280,1
10_30_11_30_t02290.jpg,train,teacher_model_pseudo_label,02290,0
10_30_11_30_t02300.jpg,val,teacher_model_pseudo_label,02300,0
10_30_11_30_t02310.jpg,train,teacher_model_pseudo_label,02310,0
10_30_11_30_t02320.jpg,train,teacher_model_pseudo_label,02320,0
10_30_11_30_t02330.jpg,train,teacher_model_pseudo_label,02330,0
10_30_11_30_t02340.jpg,train,teacher_model_pseudo_label,02340,0
10_30_11_30_t02350.jpg,val,teacher_model_pseudo_label,02350,0
10_30_11_30_t02360.jpg,train,teacher_model_pseudo_label,02360,0
10_30_11_30_t02370.jpg,train,teacher_model_pseudo_label,02370,0
10_30_11_30_t02380.jpg,train,teacher_model_pseudo_label,02380,0
10_30_11_30_t02390.jpg,train,teacher_model_pseudo_label,02390,0
10_30_11_30_t02400.jpg,val,teacher_model_pseudo_label,02400,0
10_30_11_30_t02410.jpg,train,teacher_model_pseudo_label,02410,0
10_30_11_30_t02420.jpg,train,teacher_model_pseudo_label,02420,0
10_30_11_30_t02430.jpg,train,teacher_model_pseudo_label,02430,0
10_30_11_30_t02440.jpg,train,teacher_model_pseudo_label,02440,0
10_30_11_30_t02450.jpg,val,teacher_model_pseudo_label,02450,0
10_30_11_30_t02460.jpg,train,teacher_model_pseudo_label,02460,0
10_30_11_30_t02470.jpg,train,teacher_model_pseudo_label,02470,0
10_30_11_30_t02480.jpg,train,teacher_model_pseudo_label,02480,0
10_30_11_30_t02490.jpg,train,teacher_model_pseudo_label,02490,0
10_30_11_30_t02500.jpg,val,teacher_model_pseudo_label,02500,0
10_30_11_30_t02510.jpg,train,teacher_model_pseudo_label,02510,0
10_30_11_30_t02520.jpg,train,teacher_model_pseudo_label,02520,0
10_30_11_30_t02530.jpg,train,teacher_model_pseudo_label,02530,0
10_30_11_30_t02540.jpg,train,teacher_model_pseudo_label,02540,0
10_30_11_30_t02550.jpg,val,teacher_model_pseudo_label,02550,0
10_30_11_30_t02560.jpg,train,teacher_model_pseudo_label,02560,0
10_30_11_30_t02570.jpg,train,teacher_model_pseudo_label,02570,0
10_30_11_30_t02580.jpg,train,teacher_model_pseudo_label,02580,0
10_30_11_30_t02590.jpg,train,teacher_model_pseudo_label,02590,0
10_30_11_30_t02600.jpg,val,teacher_model_pseudo_label,02600,0
10_30_11_30_t02610.jpg,train,teacher_model_pseudo_label,02610,0
10_30_11_30_t02620.jpg,train,teacher_model_pseudo_label,02620,0
10_30_11_30_t02630.jpg,train,teacher_model_pseudo_label,02630,0
10_30_11_30_t02640.jpg,train,teacher_model_pseudo_label,02640,0
10_30_11_30_t02650.jpg,val,teacher_model_pseudo_label,02650,0
10_30_11_30_t02660.jpg,train,teacher_model_pseudo_label,02660,0
10_30_11_30_t02670.jpg,train,teacher_model_pseudo_label,02670,0
10_30_11_30_t02680.jpg,train,teacher_model_pseudo_label,02680,0
10_30_11_30_t02690.jpg,train,teacher_model_pseudo_label,02690,0
10_30_11_30_t02700.jpg,val,teacher_model_pseudo_label,02700,0
10_30_11_30_t02710.jpg,train,teacher_model_pseudo_label,02710,0
10_30_11_30_t02720.jpg,train,teacher_model_pseudo_label,02720,0
10_30_11_30_t02730.jpg,train,teacher_model_pseudo_label,02730,0
10_30_11_30_t02740.jpg,train,teacher_model_pseudo_label,02740,0
10_30_11_30_t02750.jpg,val,teacher_model_pseudo_label,02750,0
10_30_11_30_t02760.jpg,train,teacher_model_pseudo_label,02760,0
10_30_11_30_t02770.jpg,train,teacher_model_pseudo_label,02770,0
10_30_11_30_t02780.jpg,train,teacher_model_pseudo_label,02780,0
10_30_11_30_t02790.jpg,train,teacher_model_pseudo_label,02790,0
10_30_11_30_t02800.jpg,val,teacher_model_pseudo_label,02800,0
10_30_11_30_t02810.jpg,train,teacher_model_pseudo_label,02810,0
10_30_11_30_t02820.jpg,train,teacher_model_pseudo_label,02820,0
10_30_11_30_t02830.jpg,train,teacher_model_pseudo_label,02830,0
10_30_11_30_t02840.jpg,train,teacher_model_pseudo_label,02840,0
10_30_11_30_t02850.jpg,val,teacher_model_pseudo_label,02850,0
10_30_11_30_t02860.jpg,train,teacher_model_pseudo_label,02860,0
10_30_11_30_t02870.jpg,train,teacher_model_pseudo_label,02870,0
10_30_11_30_t02880.jpg,train,teacher_model_pseudo_label,02880,0
10_30_11_30_t02890.jpg,train,teacher_model_pseudo_label,02890,0
10_30_11_30_t02900.jpg,val,teacher_model_pseudo_label,02900,0
10_30_11_30_t02910.jpg,train,teacher_model_pseudo_label,02910,0
10_30_11_30_t02920.jpg,train,teacher_model_pseudo_label,02920,0
10_30_11_30_t02930.jpg,train,teacher_model_pseudo_label,02930,0
10_30_11_30_t02940.jpg,train,teacher_model_pseudo_label,02940,0
10_30_11_30_t02950.jpg,val,teacher_model_pseudo_label,02950,0
10_30_11_30_t02960.jpg,train,teacher_model_pseudo_label,02960,0
10_30_11_30_t02970.jpg,train,teacher_model_pseudo_label,02970,0
10_30_11_30_t02980.jpg,train,teacher_model_pseudo_label,02980,0
10_30_11_30_t02990.jpg,train,teacher_model_pseudo_label,02990,0
10_30_11_30_t03000.jpg,val,teacher_model_pseudo_label,03000,0
10_30_11_30_t03010.jpg,train,teacher_model_pseudo_label,03010,0
10_30_11_30_t03020.jpg,train,teacher_model_pseudo_label,03020,0
10_30_11_30_t03030.jpg,train,teacher_model_pseudo_label,03030,0
10_30_11_30_t03040.jpg,train,teacher_model_pseudo_label,03040,0
10_30_11_30_t03050.jpg,val,teacher_model_pseudo_label,03050,0
10_30_11_30_t03060.jpg,train,teacher_model_pseudo_label,03060,0
10_30_11_30_t03070.jpg,train,teacher_model_pseudo_label,03070,0
10_30_11_30_t03080.jpg,train,teacher_model_pseudo_label,03080,0
10_30_11_30_t03090.jpg,train,teacher_model_pseudo_label,03090,0
10_30_11_30_t03100.jpg,val,teacher_model_pseudo_label,03100,0
10_30_11_30_t03110.jpg,train,teacher_model_pseudo_label,03110,0
10_30_11_30_t03120.jpg,train,teacher_model_pseudo_label,03120,0
10_30_11_30_t03130.jpg,train,teacher_model_pseudo_label,03130,0
10_30_11_30_t03140.jpg,train,teacher_model_pseudo_label,03140,0
10_30_11_30_t03150.jpg,val,teacher_model_pseudo_label,03150,0
10_30_11_30_t03160.jpg,train,teacher_model_pseudo_label,03160,0
10_30_11_30_t03170.jpg,train,teacher_model_pseudo_label,03170,0
10_30_11_30_t03180.jpg,train,teacher_model_pseudo_label,03180,0
10_30_11_30_t03190.jpg,train,teacher_model_pseudo_label,03190,0
10_30_11_30_t03200.jpg,val,teacher_model_pseudo_label,03200,0
10_30_11_30_t03210.jpg,train,teacher_model_pseudo_label,03210,0
10_30_11_30_t03220.jpg,train,teacher_model_pseudo_label,03220,0
10_30_11_30_t03230.jpg,train,teacher_model_pseudo_label,03230,0
10_30_11_30_t03240.jpg,train,teacher_model_pseudo_label,03240,0
10_30_11_30_t03250.jpg,val,teacher_model_pseudo_label,03250,0
10_30_11_30_t03260.jpg,train,teacher_model_pseudo_label,03260,0
10_30_11_30_t03270.jpg,train,teacher_model_pseudo_label,03270,0
10_30_11_30_t03280.jpg,train,teacher_model_pseudo_label,03280,0
10_30_11_30_t03290.jpg,train,teacher_model_pseudo_label,03290,0
10_30_11_30_t03300.jpg,val,teacher_model_pseudo_label,03300,0
10_30_11_30_t03310.jpg,train,teacher_model_pseudo_label,03310,0
10_30_11_30_t03320.jpg,train,teacher_model_pseudo_label,03320,0
10_30_11_30_t03330.jpg,train,teacher_model_pseudo_label,03330,0
10_30_11_30_t03340.jpg,train,teacher_model_pseudo_label,03340,0
10_30_11_30_t03350.jpg,val,teacher_model_pseudo_label,03350,0
10_30_11_30_t03360.jpg,train,teacher_model_pseudo_label,03360,0
10_30_11_30_t03370.jpg,train,teacher_model_pseudo_label,03370,0
10_30_11_30_t03380.jpg,train,teacher_model_pseudo_label,03380,0
10_30_11_30_t03390.jpg,train,teacher_model_pseudo_label,03390,0
10_30_11_30_t03400.jpg,val,teacher_model_pseudo_label,03400,0
10_30_11_30_t03410.jpg,train,teacher_model_pseudo_label,03410,0
10_30_11_30_t03420.jpg,train,teacher_model_pseudo_label,03420,1
10_30_11_30_t03430.jpg,train,teacher_model_pseudo_label,03430,0
10_30_11_30_t03440.jpg,train,teacher_model_pseudo_label,03440,0
10_30_11_30_t03450.jpg,val,teacher_model_pseudo_label,03450,0
10_30_11_30_t03460.jpg,train,teacher_model_pseudo_label,03460,0
10_30_11_30_t03470.jpg,train,teacher_model_pseudo_label,03470,0
10_30_11_30_t03480.jpg,train,teacher_model_pseudo_label,03480,0
10_30_11_30_t03490.jpg,train,teacher_model_pseudo_label,03490,0
10_30_11_30_t03500.jpg,val,teacher_model_pseudo_label,03500,0
10_30_11_30_t03510.jpg,train,teacher_model_pseudo_label,03510,0
10_30_11_30_t03520.jpg,train,teacher_model_pseudo_label,03520,0
10_30_11_30_t03530.jpg,train,teacher_model_pseudo_label,03530,0
10_30_11_30_t03540.jpg,train,teacher_model_pseudo_label,03540,0
10_30_11_30_t03550.jpg,val,teacher_model_pseudo_label,03550,0
10_30_11_30_t03560.jpg,train,teacher_model_pseudo_label,03560,0
10_30_11_30_t03570.jpg,train,teacher_model_pseudo_label,03570,0
10_30_11_30_t03580.jpg,train,teacher_model_pseudo_label,03580,0
10_30_11_30_t03590.jpg,train,teacher_model_pseudo_label,03590,0
10_30_11_30_t03600.jpg,val,teacher_model_pseudo_label,03600,0
9_30_10_30_t00000.jpg,train,teacher_model_pseudo_label,00000,0
9_30_10_30_t00010.jpg,train,teacher_model_pseudo_label,00010,0
9_30_10_30_t00020.jpg,train,teacher_model_pseudo_label,00020,0
9_30_10_30_t00030.jpg,train,teacher_model_pseudo_label,00030,0
9_30_10_30_t00040.jpg,val,teacher_model_pseudo_label,00040,0
9_30_10_30_t00050.jpg,train,teacher_model_pseudo_label,00050,0
9_30_10_30_t00060.jpg,train,teacher_model_pseudo_label,00060,0
9_30_10_30_t00070.jpg,train,teacher_model_pseudo_label,00070,0
9_30_10_30_t00080.jpg,train,teacher_model_pseudo_label,00080,0
9_30_10_30_t00090.jpg,val,teacher_model_pseudo_label,00090,0
9_30_10_30_t00100.jpg,train,teacher_model_pseudo_label,00100,0
9_30_10_30_t00110.jpg,train,teacher_model_pseudo_label,00110,0
9_30_10_30_t00120.jpg,train,teacher_model_pseudo_label,00120,0
9_30_10_30_t00130.jpg,train,teacher_model_pseudo_label,00130,0
9_30_10_30_t00140.jpg,val,teacher_model_pseudo_label,00140,0
9_30_10_30_t00150.jpg,train,teacher_model_pseudo_label,00150,0
9_30_10_30_t00160.jpg,train,teacher_model_pseudo_label,00160,0
9_30_10_30_t00170.jpg,train,teacher_model_pseudo_label,00170,0
9_30_10_30_t00180.jpg,train,teacher_model_pseudo_label,00180,0
9_30_10_30_t00190.jpg,val,teacher_model_pseudo_label,00190,0
9_30_10_30_t00200.jpg,train,teacher_model_pseudo_label,00200,0
9_30_10_30_t00210.jpg,train,teacher_model_pseudo_label,00210,0
9_30_10_30_t00220.jpg,train,teacher_model_pseudo_label,00220,0
9_30_10_30_t00230.jpg,train,teacher_model_pseudo_label,00230,0
9_30_10_30_t00240.jpg,val,teacher_model_pseudo_label,00240,0
9_30_10_30_t00250.jpg,train,teacher_model_pseudo_label,00250,0
9_30_10_30_t00260.jpg,train,teacher_model_pseudo_label,00260,0
9_30_10_30_t00270.jpg,train,teacher_model_pseudo_label,00270,0
9_30_10_30_t00280.jpg,train,teacher_model_pseudo_label,00280,0
9_30_10_30_t00290.jpg,val,teacher_model_pseudo_label,00290,0
9_30_10_30_t00300.jpg,train,teacher_model_pseudo_label,00300,0
9_30_10_30_t00310.jpg,train,teacher_model_pseudo_label,00310,0
9_30_10_30_t00320.jpg,train,teacher_model_pseudo_label,00320,0
9_30_10_30_t00330.jpg,train,teacher_model_pseudo_label,00330,0
9_30_10_30_t00340.jpg,val,teacher_model_pseudo_label,00340,0
9_30_10_30_t00350.jpg,train,teacher_model_pseudo_label,00350,0
9_30_10_30_t00360.jpg,train,teacher_model_pseudo_label,00360,0
9_30_10_30_t00370.jpg,train,teacher_model_pseudo_label,00370,0
9_30_10_30_t00380.jpg,train,teacher_model_pseudo_label,00380,0
9_30_10_30_t00390.jpg,val,teacher_model_pseudo_label,00390,0
9_30_10_30_t00400.jpg,train,teacher_model_pseudo_label,00400,0
9_30_10_30_t00410.jpg,train,teacher_model_pseudo_label,00410,0
9_30_10_30_t00420.jpg,train,teacher_model_pseudo_label,00420,0
9_30_10_30_t00430.jpg,train,teacher_model_pseudo_label,00430,0
9_30_10_30_t00440.jpg,val,teacher_model_pseudo_label,00440,0
9_30_10_30_t00450.jpg,train,teacher_model_pseudo_label,00450,0
9_30_10_30_t00460.jpg,train,teacher_model_pseudo_label,00460,0
9_30_10_30_t00470.jpg,train,teacher_model_pseudo_label,00470,0
9_30_10_30_t00480.jpg,train,teacher_model_pseudo_label,00480,0
9_30_10_30_t00490.jpg,val,teacher_model_pseudo_label,00490,0
9_30_10_30_t00500.jpg,train,teacher_model_pseudo_label,00500,0
9_30_10_30_t00510.jpg,train,teacher_model_pseudo_label,00510,0
9_30_10_30_t00520.jpg,train,teacher_model_pseudo_label,00520,0
9_30_10_30_t00530.jpg,train,teacher_model_pseudo_label,00530,0
9_30_10_30_t00540.jpg,val,teacher_model_pseudo_label,00540,0
9_30_10_30_t00550.jpg,train,teacher_model_pseudo_label,00550,0
9_30_10_30_t00560.jpg,train,teacher_model_pseudo_label,00560,0
9_30_10_30_t00570.jpg,train,teacher_model_pseudo_label,00570,0
9_30_10_30_t00580.jpg,train,teacher_model_pseudo_label,00580,0
9_30_10_30_t00590.jpg,val,teacher_model_pseudo_label,00590,0
9_30_10_30_t00600.jpg,train,teacher_model_pseudo_label,00600,0
9_30_10_30_t00610.jpg,train,teacher_model_pseudo_label,00610,0
9_30_10_30_t00620.jpg,train,teacher_model_pseudo_label,00620,0
9_30_10_30_t00630.jpg,train,teacher_model_pseudo_label,00630,0
9_30_10_30_t00640.jpg,val,teacher_model_pseudo_label,00640,0
9_30_10_30_t00650.jpg,train,teacher_model_pseudo_label,00650,0
9_30_10_30_t00660.jpg,train,teacher_model_pseudo_label,00660,0
9_30_10_30_t00670.jpg,train,teacher_model_pseudo_label,00670,0
9_30_10_30_t00680.jpg,train,teacher_model_pseudo_label,00680,0
9_30_10_30_t00690.jpg,val,teacher_model_pseudo_label,00690,0
9_30_10_30_t00700.jpg,train,teacher_model_pseudo_label,00700,0
9_30_10_30_t00710.jpg,train,teacher_model_pseudo_label,00710,0
9_30_10_30_t00720.jpg,train,teacher_model_pseudo_label,00720,0
9_30_10_30_t00730.jpg,train,teacher_model_pseudo_label,00730,0
9_30_10_30_t00740.jpg,val,teacher_model_pseudo_label,00740,0
9_30_10_30_t00750.jpg,train,teacher_model_pseudo_label,00750,0
9_30_10_30_t00760.jpg,train,teacher_model_pseudo_label,00760,0
9_30_10_30_t00770.jpg,train,teacher_model_pseudo_label,00770,0
9_30_10_30_t00780.jpg,train,teacher_model_pseudo_label,00780,0
9_30_10_30_t00790.jpg,val,teacher_model_pseudo_label,00790,1
9_30_10_30_t00800.jpg,train,teacher_model_pseudo_label,00800,0
9_30_10_30_t00810.jpg,train,teacher_model_pseudo_label,00810,0
9_30_10_30_t00820.jpg,train,teacher_model_pseudo_label,00820,0
9_30_10_30_t00830.jpg,train,teacher_model_pseudo_label,00830,1
9_30_10_30_t00840.jpg,val,teacher_model_pseudo_label,00840,0
9_30_10_30_t00850.jpg,train,teacher_model_pseudo_label,00850,0
9_30_10_30_t00860.jpg,train,teacher_model_pseudo_label,00860,0
9_30_10_30_t00870.jpg,train,teacher_model_pseudo_label,00870,0
9_30_10_30_t00880.jpg,train,teacher_model_pseudo_label,00880,0
9_30_10_30_t00890.jpg,val,teacher_model_pseudo_label,00890,0
9_30_10_30_t00900.jpg,train,teacher_model_pseudo_label,00900,0
9_30_10_30_t00910.jpg,train,teacher_model_pseudo_label,00910,0
9_30_10_30_t00920.jpg,train,teacher_model_pseudo_label,00920,0
9_30_10_30_t00930.jpg,train,teacher_model_pseudo_label,00930,1
9_30_10_30_t00940.jpg,val,teacher_model_pseudo_label,00940,0
9_30_10_30_t00950.jpg,train,teacher_model_pseudo_label,00950,0
9_30_10_30_t00960.jpg,train,teacher_model_pseudo_label,00960,0
9_30_10_30_t00970.jpg,train,teacher_model_pseudo_label,00970,0
9_30_10_30_t00980.jpg,train,teacher_model_pseudo_label,00980,0
9_30_10_30_t00990.jpg,val,teacher_model_pseudo_label,00990,0
9_30_10_30_t01000.jpg,train,teacher_model_pseudo_label,01000,0
9_30_10_30_t01010.jpg,train,teacher_model_pseudo_label,01010,0
9_30_10_30_t01020.jpg,train,teacher_model_pseudo_label,01020,0
9_30_10_30_t01030.jpg,train,teacher_model_pseudo_label,01030,0
9_30_10_30_t01040.jpg,val,teacher_model_pseudo_label,01040,0
9_30_10_30_t01050.jpg,train,teacher_model_pseudo_label,01050,0
9_30_10_30_t01060.jpg,train,teacher_model_pseudo_label,01060,0
9_30_10_30_t01070.jpg,train,teacher_model_pseudo_label,01070,0
9_30_10_30_t01080.jpg,train,teacher_model_pseudo_label,01080,0
9_30_10_30_t01090.jpg,val,teacher_model_pseudo_label,01090,0
9_30_10_30_t01100.jpg,train,teacher_model_pseudo_label,01100,0
9_30_10_30_t01110.jpg,train,teacher_model_pseudo_label,01110,0
9_30_10_30_t01120.jpg,train,teacher_model_pseudo_label,01120,0
9_30_10_30_t01130.jpg,train,teacher_model_pseudo_label,01130,0
9_30_10_30_t01140.jpg,val,teacher_model_pseudo_label,01140,0
9_30_10_30_t01150.jpg,train,teacher_model_pseudo_label,01150,0
9_30_10_30_t01160.jpg,train,teacher_model_pseudo_label,01160,0
9_30_10_30_t01170.jpg,train,teacher_model_pseudo_label,01170,0
9_30_10_30_t01180.jpg,train,teacher_model_pseudo_label,01180,0
9_30_10_30_t01190.jpg,val,teacher_model_pseudo_label,01190,0
9_30_10_30_t01200.jpg,train,teacher_model_pseudo_label,01200,0
9_30_10_30_t01210.jpg,train,teacher_model_pseudo_label,01210,0
9_30_10_30_t01220.jpg,train,teacher_model_pseudo_label,01220,0
9_30_10_30_t01230.jpg,train,teacher_model_pseudo_label,01230,0
9_30_10_30_t01240.jpg,val,teacher_model_pseudo_label,01240,0
9_30_10_30_t01250.jpg,train,teacher_model_pseudo_label,01250,0
9_30_10_30_t01260.jpg,train,teacher_model_pseudo_label,01260,0
9_30_10_30_t01270.jpg,train,teacher_model_pseudo_label,01270,0
9_30_10_30_t01280.jpg,train,teacher_model_pseudo_label,01280,0
9_30_10_30_t01290.jpg,val,teacher_model_pseudo_label,01290,0
9_30_10_30_t01300.jpg,train,teacher_model_pseudo_label,01300,0
9_30_10_30_t01310.jpg,train,teacher_model_pseudo_label,01310,0
9_30_10_30_t01320.jpg,train,teacher_model_pseudo_label,01320,0
9_30_10_30_t01330.jpg,train,teacher_model_pseudo_label,01330,0
9_30_10_30_t01340.jpg,val,teacher_model_pseudo_label,01340,0
9_30_10_30_t01350.jpg,train,teacher_model_pseudo_label,01350,0
9_30_10_30_t01360.jpg,train,teacher_model_pseudo_label,01360,0
9_30_10_30_t01370.jpg,train,teacher_model_pseudo_label,01370,0
9_30_10_30_t01380.jpg,train,teacher_model_pseudo_label,01380,0
9_30_10_30_t01390.jpg,val,teacher_model_pseudo_label,01390,0
9_30_10_30_t01400.jpg,train,teacher_model_pseudo_label,01400,0
9_30_10_30_t01410.jpg,train,teacher_model_pseudo_label,01410,0
9_30_10_30_t01420.jpg,train,teacher_model_pseudo_label,01420,0
9_30_10_30_t01430.jpg,train,teacher_model_pseudo_label,01430,0
9_30_10_30_t01440.jpg,val,teacher_model_pseudo_label,01440,0
9_30_10_30_t01450.jpg,train,teacher_model_pseudo_label,01450,0
9_30_10_30_t01460.jpg,train,teacher_model_pseudo_label,01460,0
9_30_10_30_t01470.jpg,train,teacher_model_pseudo_label,01470,0
9_30_10_30_t01480.jpg,train,teacher_model_pseudo_label,01480,0
9_30_10_30_t01490.jpg,val,teacher_model_pseudo_label,01490,0
9_30_10_30_t01500.jpg,train,teacher_model_pseudo_label,01500,0
9_30_10_30_t01510.jpg,train,teacher_model_pseudo_label,01510,0
9_30_10_30_t01520.jpg,train,teacher_model_pseudo_label,01520,0
9_30_10_30_t01530.jpg,train,teacher_model_pseudo_label,01530,0
9_30_10_30_t01540.jpg,val,teacher_model_pseudo_label,01540,0
9_30_10_30_t01550.jpg,train,teacher_model_pseudo_label,01550,0
9_30_10_30_t01560.jpg,train,teacher_model_pseudo_label,01560,0
9_30_10_30_t01570.jpg,train,teacher_model_pseudo_label,01570,0
9_30_10_30_t01580.jpg,train,teacher_model_pseudo_label,01580,0
9_30_10_30_t01590.jpg,val,teacher_model_pseudo_label,01590,0
9_30_10_30_t01600.jpg,train,teacher_model_pseudo_label,01600,0
9_30_10_30_t01610.jpg,train,teacher_model_pseudo_label,01610,0
9_30_10_30_t01620.jpg,train,teacher_model_pseudo_label,01620,0
9_30_10_30_t01630.jpg,train,teacher_model_pseudo_label,01630,0
9_30_10_30_t01640.jpg,val,teacher_model_pseudo_label,01640,0
9_30_10_30_t01650.jpg,train,teacher_model_pseudo_label,01650,0
9_30_10_30_t01660.jpg,train,teacher_model_pseudo_label,01660,0
9_30_10_30_t01670.jpg,train,teacher_model_pseudo_label,01670,0
9_30_10_30_t01680.jpg,train,teacher_model_pseudo_label,01680,0
9_30_10_30_t01690.jpg,val,teacher_model_pseudo_label,01690,0
9_30_10_30_t01700.jpg,train,teacher_model_pseudo_label,01700,0
9_30_10_30_t01710.jpg,train,teacher_model_pseudo_label,01710,0
9_30_10_30_t01720.jpg,train,teacher_model_pseudo_label,01720,0
9_30_10_30_t01730.jpg,train,teacher_model_pseudo_label,01730,0
9_30_10_30_t01740.jpg,val,teacher_model_pseudo_label,01740,0
9_30_10_30_t01750.jpg,train,teacher_model_pseudo_label,01750,0
9_30_10_30_t01760.jpg,train,teacher_model_pseudo_label,01760,0
9_30_10_30_t01770.jpg,train,teacher_model_pseudo_label,01770,0
9_30_10_30_t01780.jpg,train,teacher_model_pseudo_label,01780,0
9_30_10_30_t01790.jpg,val,teacher_model_pseudo_label,01790,0
9_30_10_30_t01800.jpg,train,teacher_model_pseudo_label,01800,0
9_30_10_30_t01810.jpg,train,teacher_model_pseudo_label,01810,0
9_30_10_30_t01820.jpg,train,teacher_model_pseudo_label,01820,2
9_30_10_30_t01830.jpg,train,teacher_model_pseudo_label,01830,0
9_30_10_30_t01840.jpg,val,teacher_model_pseudo_label,01840,0
9_30_10_30_t01850.jpg,train,teacher_model_pseudo_label,01850,0
9_30_10_30_t01860.jpg,train,teacher_model_pseudo_label,01860,0
9_30_10_30_t01870.jpg,train,teacher_model_pseudo_label,01870,0
9_30_10_30_t01880.jpg,train,teacher_model_pseudo_label,01880,0
9_30_10_30_t01890.jpg,val,teacher_model_pseudo_label,01890,0
9_30_10_30_t01900.jpg,train,teacher_model_pseudo_label,01900,0
9_30_10_30_t01910.jpg,train,teacher_model_pseudo_label,01910,0
9_30_10_30_t01920.jpg,train,teacher_model_pseudo_label,01920,1
9_30_10_30_t01930.jpg,train,teacher_model_pseudo_label,01930,0
9_30_10_30_t01940.jpg,val,teacher_model_pseudo_label,01940,0
9_30_10_30_t01950.jpg,train,teacher_model_pseudo_label,01950,0
9_30_10_30_t01960.jpg,train,teacher_model_pseudo_label,01960,0
9_30_10_30_t01970.jpg,train,teacher_model_pseudo_label,01970,0
9_30_10_30_t01980.jpg,train,teacher_model_pseudo_label,01980,0
9_30_10_30_t01990.jpg,val,teacher_model_pseudo_label,01990,0
9_30_10_30_t02000.jpg,train,teacher_model_pseudo_label,02000,0
9_30_10_30_t02010.jpg,train,teacher_model_pseudo_label,02010,0
9_30_10_30_t02020.jpg,train,teacher_model_pseudo_label,02020,0
9_30_10_30_t02030.jpg,train,teacher_model_pseudo_label,02030,0
9_30_10_30_t02040.jpg,val,teacher_model_pseudo_label,02040,0
9_30_10_30_t02050.jpg,train,teacher_model_pseudo_label,02050,0
9_30_10_30_t02060.jpg,train,teacher_model_pseudo_label,02060,0
9_30_10_30_t02070.jpg,train,teacher_model_pseudo_label,02070,0
9_30_10_30_t02080.jpg,train,teacher_model_pseudo_label,02080,0
9_30_10_30_t02090.jpg,val,teacher_model_pseudo_label,02090,0
9_30_10_30_t02100.jpg,train,teacher_model_pseudo_label,02100,0
9_30_10_30_t02110.jpg,train,teacher_model_pseudo_label,02110,0
9_30_10_30_t02120.jpg,train,teacher_model_pseudo_label,02120,1
9_30_10_30_t02130.jpg,train,teacher_model_pseudo_label,02130,0
9_30_10_30_t02140.jpg,val,teacher_model_pseudo_label,02140,0
9_30_10_30_t02150.jpg,train,teacher_model_pseudo_label,02150,0
9_30_10_30_t02160.jpg,train,teacher_model_pseudo_label,02160,0
9_30_10_30_t02170.jpg,train,teacher_model_pseudo_label,02170,0
9_30_10_30_t02180.jpg,train,teacher_model_pseudo_label,02180,0
9_30_10_30_t02190.jpg,val,teacher_model_pseudo_label,02190,1
9_30_10_30_t02200.jpg,train,teacher_model_pseudo_label,02200,0
9_30_10_30_t02210.jpg,train,teacher_model_pseudo_label,02210,0
9_30_10_30_t02220.jpg,train,teacher_model_pseudo_label,02220,0
9_30_10_30_t02230.jpg,train,teacher_model_pseudo_label,02230,0
9_30_10_30_t02240.jpg,val,teacher_model_pseudo_label,02240,0
9_30_10_30_t02250.jpg,train,teacher_model_pseudo_label,02250,0
9_30_10_30_t02260.jpg,train,teacher_model_pseudo_label,02260,0
9_30_10_30_t02270.jpg,train,teacher_model_pseudo_label,02270,0
9_30_10_30_t02280.jpg,train,teacher_model_pseudo_label,02280,0
9_30_10_30_t02290.jpg,val,teacher_model_pseudo_label,02290,1
9_30_10_30_t02300.jpg,train,teacher_model_pseudo_label,02300,0
9_30_10_30_t02310.jpg,train,teacher_model_pseudo_label,02310,0
9_30_10_30_t02320.jpg,train,teacher_model_pseudo_label,02320,0
9_30_10_30_t02330.jpg,train,teacher_model_pseudo_label,02330,0
9_30_10_30_t02340.jpg,val,teacher_model_pseudo_label,02340,0
9_30_10_30_t02350.jpg,train,teacher_model_pseudo_label,02350,3
9_30_10_30_t02360.jpg,train,teacher_model_pseudo_label,02360,0
9_30_10_30_t02370.jpg,train,teacher_model_pseudo_label,02370,0
9_30_10_30_t02380.jpg,train,teacher_model_pseudo_label,02380,0
9_30_10_30_t02390.jpg,val,teacher_model_pseudo_label,02390,0
9_30_10_30_t02400.jpg,train,teacher_model_pseudo_label,02400,0
9_30_10_30_t02410.jpg,train,teacher_model_pseudo_label,02410,0
9_30_10_30_t02420.jpg,train,teacher_model_pseudo_label,02420,1
9_30_10_30_t02430.jpg,train,teacher_model_pseudo_label,02430,1
9_30_10_30_t02440.jpg,val,teacher_model_pseudo_label,02440,0
9_30_10_30_t02450.jpg,train,teacher_model_pseudo_label,02450,1
9_30_10_30_t02460.jpg,train,teacher_model_pseudo_label,02460,2
9_30_10_30_t02470.jpg,train,teacher_model_pseudo_label,02470,1
9_30_10_30_t02480.jpg,train,teacher_model_pseudo_label,02480,1
9_30_10_30_t02490.jpg,val,teacher_model_pseudo_label,02490,1
9_30_10_30_t02500.jpg,train,teacher_model_pseudo_label,02500,0
9_30_10_30_t02510.jpg,train,teacher_model_pseudo_label,02510,0
9_30_10_30_t02520.jpg,train,teacher_model_pseudo_label,02520,0
9_30_10_30_t02530.jpg,train,teacher_model_pseudo_label,02530,0
9_30_10_30_t02540.jpg,val,teacher_model_pseudo_label,02540,1
9_30_10_30_t02550.jpg,train,teacher_model_pseudo_label,02550,0
9_30_10_30_t02560.jpg,train,teacher_model_pseudo_label,02560,0
9_30_10_30_t02570.jpg,train,teacher_model_pseudo_label,02570,0
9_30_10_30_t02580.jpg,train,teacher_model_pseudo_label,02580,0
9_30_10_30_t02590.jpg,val,teacher_model_pseudo_label,02590,0
9_30_10_30_t02600.jpg,train,teacher_model_pseudo_label,02600,0
9_30_10_30_t02610.jpg,train,teacher_model_pseudo_label,02610,0
9_30_10_30_t02620.jpg,train,teacher_model_pseudo_label,02620,0
9_30_10_30_t02630.jpg,train,teacher_model_pseudo_label,02630,0
9_30_10_30_t02640.jpg,val,teacher_model_pseudo_label,02640,0
9_30_10_30_t02650.jpg,train,teacher_model_pseudo_label,02650,0
9_30_10_30_t02660.jpg,train,teacher_model_pseudo_label,02660,0
9_30_10_30_t02670.jpg,train,teacher_model_pseudo_label,02670,0
9_30_10_30_t02680.jpg,train,teacher_model_pseudo_label,02680,0
9_30_10_30_t02690.jpg,val,teacher_model_pseudo_label,02690,0
9_30_10_30_t02700.jpg,train,teacher_model_pseudo_label,02700,0
9_30_10_30_t02710.jpg,train,teacher_model_pseudo_label,02710,0
9_30_10_30_t02720.jpg,train,teacher_model_pseudo_label,02720,0
9_30_10_30_t02730.jpg,train,teacher_model_pseudo_label,02730,0
9_30_10_30_t02740.jpg,val,teacher_model_pseudo_label,02740,0
9_30_10_30_t02750.jpg,train,teacher_model_pseudo_label,02750,0
9_30_10_30_t02760.jpg,train,teacher_model_pseudo_label,02760,0
9_30_10_30_t02770.jpg,train,teacher_model_pseudo_label,02770,0
9_30_10_30_t02780.jpg,train,teacher_model_pseudo_label,02780,0
9_30_10_30_t02790.jpg,val,teacher_model_pseudo_label,02790,0
9_30_10_30_t02800.jpg,train,teacher_model_pseudo_label,02800,0
9_30_10_30_t02810.jpg,train,teacher_model_pseudo_label,02810,0
9_30_10_30_t02820.jpg,train,teacher_model_pseudo_label,02820,0
9_30_10_30_t02830.jpg,train,teacher_model_pseudo_label,02830,0
9_30_10_30_t02840.jpg,val,teacher_model_pseudo_label,02840,0
9_30_10_30_t02850.jpg,train,teacher_model_pseudo_label,02850,0
9_30_10_30_t02860.jpg,train,teacher_model_pseudo_label,02860,1
9_30_10_30_t02870.jpg,train,teacher_model_pseudo_label,02870,0
9_30_10_30_t02880.jpg,train,teacher_model_pseudo_label,02880,0
9_30_10_30_t02890.jpg,val,teacher_model_pseudo_label,02890,0
9_30_10_30_t02900.jpg,train,teacher_model_pseudo_label,02900,2
9_30_10_30_t02910.jpg,train,teacher_model_pseudo_label,02910,0
9_30_10_30_t02920.jpg,train,teacher_model_pseudo_label,02920,3
9_30_10_30_t02930.jpg,train,teacher_model_pseudo_label,02930,1
9_30_10_30_t02940.jpg,val,teacher_model_pseudo_label,02940,0
9_30_10_30_t02950.jpg,train,teacher_model_pseudo_label,02950,0
9_30_10_30_t02960.jpg,train,teacher_model_pseudo_label,02960,0
9_30_10_30_t02970.jpg,train,teacher_model_pseudo_label,02970,0
9_30_10_30_t02980.jpg,train,teacher_model_pseudo_label,02980,0
9_30_10_30_t02990.jpg,val,teacher_model_pseudo_label,02990,0
9_30_10_30_t03000.jpg,train,teacher_model_pseudo_label,03000,0
9_30_10_30_t03010.jpg,train,teacher_model_pseudo_label,03010,0
9_30_10_30_t03020.jpg,train,teacher_model_pseudo_label,03020,0
9_30_10_30_t03030.jpg,train,teacher_model_pseudo_label,03030,0
9_30_10_30_t03040.jpg,val,teacher_model_pseudo_label,03040,0
9_30_10_30_t03050.jpg,train,teacher_model_pseudo_label,03050,0
9_30_10_30_t03060.jpg,train,teacher_model_pseudo_label,03060,0
9_30_10_30_t03070.jpg,train,teacher_model_pseudo_label,03070,0
9_30_10_30_t03080.jpg,train,teacher_model_pseudo_label,03080,0
9_30_10_30_t03090.jpg,val,teacher_model_pseudo_label,03090,0
9_30_10_30_t03100.jpg,train,teacher_model_pseudo_label,03100,0
9_30_10_30_t03110.jpg,train,teacher_model_pseudo_label,03110,0
9_30_10_30_t03120.jpg,train,teacher_model_pseudo_label,03120,0
9_30_10_30_t03130.jpg,train,teacher_model_pseudo_label,03130,0
9_30_10_30_t03140.jpg,val,teacher_model_pseudo_label,03140,0
9_30_10_30_t03150.jpg,train,teacher_model_pseudo_label,03150,0
9_30_10_30_t03160.jpg,train,teacher_model_pseudo_label,03160,0
9_30_10_30_t03170.jpg,train,teacher_model_pseudo_label,03170,0
9_30_10_30_t03180.jpg,train,teacher_model_pseudo_label,03180,0
9_30_10_30_t03190.jpg,val,teacher_model_pseudo_label,03190,0
9_30_10_30_t03200.jpg,train,teacher_model_pseudo_label,03200,0
9_30_10_30_t03210.jpg,train,teacher_model_pseudo_label,03210,0
9_30_10_30_t03220.jpg,train,teacher_model_pseudo_label,03220,0
9_30_10_30_t03230.jpg,train,teacher_model_pseudo_label,03230,0
9_30_10_30_t03240.jpg,val,teacher_model_pseudo_label,03240,0
9_30_10_30_t03250.jpg,train,teacher_model_pseudo_label,03250,0
9_30_10_30_t03260.jpg,train,teacher_model_pseudo_label,03260,0
9_30_10_30_t03270.jpg,train,teacher_model_pseudo_label,03270,0
9_30_10_30_t03280.jpg,train,teacher_model_pseudo_label,03280,0
9_30_10_30_t03290.jpg,val,teacher_model_pseudo_label,03290,0
9_30_10_30_t03300.jpg,train,teacher_model_pseudo_label,03300,0
9_30_10_30_t03310.jpg,train,teacher_model_pseudo_label,03310,0
9_30_10_30_t03320.jpg,train,teacher_model_pseudo_label,03320,0
9_30_10_30_t03330.jpg,train,teacher_model_pseudo_label,03330,0
9_30_10_30_t03340.jpg,val,teacher_model_pseudo_label,03340,0
9_30_10_30_t03350.jpg,train,teacher_model_pseudo_label,03350,0
9_30_10_30_t03360.jpg,train,teacher_model_pseudo_label,03360,0
9_30_10_30_t03370.jpg,train,teacher_model_pseudo_label,03370,0
9_30_10_30_t03380.jpg,train,teacher_model_pseudo_label,03380,3
9_30_10_30_t03390.jpg,val,teacher_model_pseudo_label,03390,0
9_30_10_30_t03400.jpg,train,teacher_model_pseudo_label,03400,1
9_30_10_30_t03410.jpg,train,teacher_model_pseudo_label,03410,0
9_30_10_30_t03420.jpg,train,teacher_model_pseudo_label,03420,0
9_30_10_30_t03430.jpg,train,teacher_model_pseudo_label,03430,0
9_30_10_30_t03440.jpg,val,teacher_model_pseudo_label,03440,1
9_30_10_30_t03450.jpg,train,teacher_model_pseudo_label,03450,1
9_30_10_30_t03460.jpg,train,teacher_model_pseudo_label,03460,1
9_30_10_30_t03470.jpg,train,teacher_model_pseudo_label,03470,1
9_30_10_30_t03480.jpg,train,teacher_model_pseudo_label,03480,1
9_30_10_30_t03490.jpg,val,teacher_model_pseudo_label,03490,1
9_30_10_30_t03500.jpg,train,teacher_model_pseudo_label,03500,0
9_30_10_30_t03510.jpg,train,teacher_model_pseudo_label,03510,0
9_30_10_30_t03520.jpg,train,teacher_model_pseudo_label,03520,0
9_30_10_30_t03530.jpg,train,teacher_model_pseudo_label,03530,0
9_30_10_30_t03540.jpg,val,teacher_model_pseudo_label,03540,0
9_30_10_30_t03550.jpg,train,teacher_model_pseudo_label,03550,0
9_30_10_30_t03560.jpg,train,teacher_model_pseudo_label,03560,0
9_30_10_30_t03570.jpg,train,teacher_model_pseudo_label,03570,0
9_30_10_30_t03580.jpg,train,teacher_model_pseudo_label,03580,0
9_30_10_30_t03590.jpg,val,teacher_model_pseudo_label,03590,0
